npm verbose cli C:\Program Files\nodejs\node.exe C:\Users\shail\AppData\Roaming\npm\node_modules\npm\bin\npm-cli.js
npm info using npm@10.8.0
npm info using node@v20.11.1
npm verbose title npm exec react-scripts build
npm verbose argv "exec" "--loglevel" "verbose" "--" "react-scripts" "build"
npm verbose logfile logs-max:10 dir:C:\Users\shail\AppData\Local\npm-cache\_logs\2025-05-02T08_01_31_927Z-
npm verbose logfile C:\Users\shail\AppData\Local\npm-cache\_logs\2025-05-02T08_01_31_927Z-debug-0.log
npm http fetch GET 200 https://registry.npmjs.org/react-scripts 1758ms (cache updated)
npm warn exec The following package was not found and will be installed: react-scripts@5.0.1
npm http fetch GET 200 https://registry.npmjs.org/react-scripts 245ms (cache updated)
npm http fetch GET 200 https://registry.npmjs.org/react 634ms (cache updated)
npm http fetch GET 200 https://registry.npmjs.org/typescript 846ms (cache updated)
npm http fetch GET 200 https://registry.npmjs.org/bfj 221ms (cache updated)
npm http fetch GET 200 https://registry.npmjs.org/eslint 198ms (cache updated)
npm http fetch GET 200 https://registry.npmjs.org/semver 174ms (cache updated)
npm http fetch GET 200 https://registry.npmjs.org/postcss 201ms (cache updated)
npm http fetch GET 200 https://registry.npmjs.org/dotenv 1010ms (cache updated)
npm http fetch GET 200 https://registry.npmjs.org/jest 1127ms (cache updated)
npm http fetch GET 200 https://registry.npmjs.org/prompts 271ms (cache updated)
npm http fetch GET 200 https://registry.npmjs.org/resolve 218ms (cache updated)
npm http fetch GET 200 https://registry.npmjs.org/fs-extra 199ms (cache updated)
npm http fetch GET 200 https://registry.npmjs.org/camelcase 199ms (cache updated)
npm http fetch GET 200 https://registry.npmjs.org/webpack 398ms (cache updated)
npm http fetch GET 200 https://registry.npmjs.org/css-loader 270ms (cache updated)
npm http fetch GET 200 https://registry.npmjs.org/babel-jest 347ms (cache updated)
npm http fetch GET 200 https://registry.npmjs.org/@babel%2fcore 243ms (cache updated)
npm http fetch GET 200 https://registry.npmjs.org/file-loader 246ms (cache updated)
npm http fetch GET 200 https://registry.npmjs.org/sass-loader 291ms (cache updated)
npm http fetch GET 200 https://registry.npmjs.org/babel-loader 220ms (cache updated)
npm http fetch GET 200 https://registry.npmjs.org/browserslist 280ms (cache updated)
npm http fetch GET 200 https://registry.npmjs.org/jest-resolve 242ms (cache updated)
npm http fetch GET 200 https://registry.npmjs.org/style-loader 176ms (cache updated)
npm http fetch GET 200 https://registry.npmjs.org/tailwindcss 736ms (cache updated)
npm http fetch GET 200 https://registry.npmjs.org/dotenv-expand 370ms (cache updated)
npm http fetch GET 200 https://registry.npmjs.org/@svgr%2fwebpack 469ms (cache updated)
npm http fetch GET 200 https://registry.npmjs.org/postcss-loader 325ms (cache updated)
npm http fetch GET 200 https://registry.npmjs.org/react-dev-utils 293ms (cache updated)
npm http fetch GET 200 https://registry.npmjs.org/postcss-normalize 158ms (cache updated)
npm http fetch GET 200 https://registry.npmjs.org/react-refresh 582ms (cache updated)
npm http fetch GET 200 https://registry.npmjs.org/source-map-loader 349ms (cache updated)
npm http fetch GET 200 https://registry.npmjs.org/identity-obj-proxy 436ms (cache updated)
npm http fetch GET 200 https://registry.npmjs.org/react-app-polyfill 221ms (cache updated)
npm http fetch GET 200 https://registry.npmjs.org/postcss-preset-env 277ms (cache updated)
npm http fetch GET 200 https://registry.npmjs.org/resolve-url-loader 202ms (cache updated)
npm http fetch GET 200 https://registry.npmjs.org/html-webpack-plugin 228ms (cache updated)
npm http fetch GET 200 https://registry.npmjs.org/webpack-dev-server 301ms (cache updated)
npm http fetch GET 200 https://registry.npmjs.org/jest-watch-typeahead 206ms (cache updated)
npm http fetch GET 200 https://registry.npmjs.org/eslint-webpack-plugin 180ms (cache updated)
npm http fetch GET 200 https://registry.npmjs.org/terser-webpack-plugin 198ms (cache updated)
npm http fetch GET 200 https://registry.npmjs.org/postcss-flexbugs-fixes 166ms (cache updated)
npm http fetch GET 200 https://registry.npmjs.org/babel-preset-react-app 299ms (cache updated)
npm http fetch GET 200 https://registry.npmjs.org/workbox-webpack-plugin 215ms (cache updated)
npm http fetch GET 200 https://registry.npmjs.org/eslint-config-react-app 206ms (cache updated)
npm http fetch GET 200 https://registry.npmjs.org/mini-css-extract-plugin 218ms (cache updated)
npm http fetch GET 200 https://registry.npmjs.org/webpack-manifest-plugin 191ms (cache updated)
npm http fetch GET 200 https://registry.npmjs.org/css-minimizer-webpack-plugin 186ms (cache updated)
npm http fetch GET 200 https://registry.npmjs.org/babel-plugin-named-asset-import 189ms (cache updated)
npm http fetch GET 200 https://registry.npmjs.org/case-sensitive-paths-webpack-plugin 190ms (cache updated)
npm http fetch GET 200 https://registry.npmjs.org/@pmmmwh%2freact-refresh-webpack-plugin 316ms (cache updated)
npm http fetch GET 200 https://registry.npmjs.org/fsevents 277ms (cache updated)
npm http fetch GET 200 https://registry.npmjs.org/node-notifier 204ms (cache updated)
npm http fetch GET 200 https://registry.npmjs.org/@rspack%2fcore 420ms (cache updated)
npm http fetch GET 200 https://registry.npmjs.org/@swc%2fhelpers 194ms (cache updated)
npm http fetch GET 200 https://registry.npmjs.org/fibers 178ms (cache updated)
npm http fetch GET 200 https://registry.npmjs.org/node-sass 149ms (cache updated)
npm http fetch GET 200 https://registry.npmjs.org/sass 185ms (cache updated)
npm http fetch GET 200 https://registry.npmjs.org/sass-embedded 178ms (cache updated)
npm http fetch GET 200 https://registry.npmjs.org/rework 174ms (cache updated)
npm http fetch GET 200 https://registry.npmjs.org/rework-visit 200ms (cache updated)
npm http fetch GET 200 https://registry.npmjs.org/@types%2fwebpack 178ms (cache updated)
npm http fetch GET 200 https://registry.npmjs.org/sockjs-client 221ms (cache updated)
npm http fetch GET 200 https://registry.npmjs.org/type-fest 197ms (cache updated)
npm http fetch GET 200 https://registry.npmjs.org/webpack-hot-middleware 167ms (cache updated)
npm http fetch GET 200 https://registry.npmjs.org/webpack-plugin-serve 161ms (cache updated)
npm http fetch GET 200 https://registry.npmjs.org/@ampproject%2fremapping 254ms (cache updated)
npm http fetch GET 200 https://registry.npmjs.org/@babel%2fcode-frame 265ms (cache updated)
npm http fetch GET 200 https://registry.npmjs.org/@babel%2fgenerator 280ms (cache updated)
npm http fetch GET 200 https://registry.npmjs.org/@babel%2fhelper-compilation-targets 230ms (cache updated)
npm http fetch GET 200 https://registry.npmjs.org/@babel%2fhelper-module-transforms 262ms (cache updated)
npm http fetch GET 200 https://registry.npmjs.org/@babel%2fhelpers 286ms (cache updated)
npm http fetch GET 200 https://registry.npmjs.org/@babel%2ftemplate 223ms (cache updated)
npm http fetch GET 200 https://registry.npmjs.org/@babel%2fparser 334ms (cache updated)
npm http fetch GET 200 https://registry.npmjs.org/@babel%2ftraverse 265ms (cache updated)
npm http fetch GET 200 https://registry.npmjs.org/@babel%2ftypes 237ms (cache updated)
npm http fetch GET 200 https://registry.npmjs.org/debug 224ms (cache updated)
npm http fetch GET 200 https://registry.npmjs.org/convert-source-map 262ms (cache updated)
npm http fetch GET 200 https://registry.npmjs.org/semver 46ms (cache hit)
npm http fetch GET 200 https://registry.npmjs.org/gensync 197ms (cache updated)
npm http fetch GET 200 https://registry.npmjs.org/json5 234ms (cache updated)
npm http fetch GET 200 https://registry.npmjs.org/ansi-html 216ms (cache updated)
npm http fetch GET 200 https://registry.npmjs.org/source-map 205ms (cache updated)
npm http fetch GET 200 https://registry.npmjs.org/core-js-pure 235ms (cache updated)
npm http fetch GET 200 https://registry.npmjs.org/loader-utils 251ms (cache updated)
npm http fetch GET 200 https://registry.npmjs.org/schema-utils 250ms (cache updated)
npm http fetch GET 200 https://registry.npmjs.org/html-entities 231ms (cache updated)
npm http fetch GET 200 https://registry.npmjs.org/error-stack-parser 233ms (cache updated)
npm http fetch GET 200 https://registry.npmjs.org/@types%2festree 221ms (cache updated)
npm http fetch GET 200 https://registry.npmjs.org/@types%2feslint-scope 377ms (cache updated)
npm http fetch GET 200 https://registry.npmjs.org/@types%2fjson-schema 227ms (cache updated)
npm http fetch GET 200 https://registry.npmjs.org/@webassemblyjs%2fast 297ms (cache updated)
npm http fetch GET 200 https://registry.npmjs.org/@webassemblyjs%2fwasm-edit 304ms (cache updated)
npm http fetch GET 200 https://registry.npmjs.org/@webassemblyjs%2fwasm-parser 294ms (cache updated)
npm http fetch GET 200 https://registry.npmjs.org/browserslist 41ms (cache hit)
npm http fetch GET 200 https://registry.npmjs.org/acorn 199ms (cache updated)
npm http fetch GET 200 https://registry.npmjs.org/chrome-trace-event 180ms (cache updated)
npm http fetch GET 200 https://registry.npmjs.org/enhanced-resolve 174ms (cache updated)
npm http fetch GET 200 https://registry.npmjs.org/es-module-lexer 168ms (cache updated)
npm http fetch GET 200 https://registry.npmjs.org/eslint-scope 170ms (cache updated)
npm http fetch GET 200 https://registry.npmjs.org/events 186ms (cache updated)
npm http fetch GET 200 https://registry.npmjs.org/glob-to-regexp 202ms (cache updated)
npm http fetch GET 200 https://registry.npmjs.org/graceful-fs 210ms (cache updated)
npm http fetch GET 200 https://registry.npmjs.org/json-parse-even-better-errors 226ms (cache updated)
npm http fetch GET 200 https://registry.npmjs.org/loader-runner 254ms (cache updated)
npm http fetch GET 200 https://registry.npmjs.org/mime-types 234ms (cache updated)
npm http fetch GET 200 https://registry.npmjs.org/schema-utils 41ms (cache hit)
npm http fetch GET 200 https://registry.npmjs.org/neo-async 229ms (cache updated)
npm http fetch GET 200 https://registry.npmjs.org/terser-webpack-plugin 51ms (cache hit)
npm http fetch GET 200 https://registry.npmjs.org/tapable 228ms (cache updated)
npm http fetch GET 200 https://registry.npmjs.org/webpack-sources 217ms (cache updated)
npm http fetch GET 200 https://registry.npmjs.org/watchpack 247ms (cache updated)
npm http fetch GET 200 https://registry.npmjs.org/@babel%2fplugin-transform-react-constant-elements 191ms (cache updated)
npm http fetch GET 200 https://registry.npmjs.org/@babel%2fpreset-env 249ms (cache updated)
npm http fetch GET 200 https://registry.npmjs.org/@babel%2fpreset-react 282ms (cache updated)
npm http fetch GET 200 https://registry.npmjs.org/@svgr%2fcore 232ms (cache updated)
npm http fetch GET 200 https://registry.npmjs.org/loader-utils 26ms (cache hit)
npm http fetch GET 200 https://registry.npmjs.org/@svgr%2fplugin-svgo 253ms (cache updated)
npm http fetch GET 200 https://registry.npmjs.org/@svgr%2fplugin-jsx 276ms (cache updated)
npm http fetch GET 200 https://registry.npmjs.org/chalk 217ms (cache updated)
npm http fetch GET 200 https://registry.npmjs.org/graceful-fs 16ms (cache hit)
npm http fetch GET 200 https://registry.npmjs.org/slash 190ms (cache updated)
npm http fetch GET 200 https://registry.npmjs.org/@jest%2ftypes 232ms (cache updated)
npm http fetch GET 200 https://registry.npmjs.org/@jest%2ftransform 202ms (cache updated)
npm http fetch GET 200 https://registry.npmjs.org/babel-preset-jest 190ms (cache updated)
npm http fetch GET 200 https://registry.npmjs.org/@types%2fbabel__core 200ms (cache updated)
npm http fetch GET 200 https://registry.npmjs.org/babel-plugin-istanbul 180ms (cache updated)
npm http fetch GET 200 https://registry.npmjs.org/make-dir 193ms (cache updated)
npm http fetch GET 200 https://registry.npmjs.org/find-cache-dir 173ms (cache updated)
npm http fetch GET 200 https://registry.npmjs.org/@babel%2fplugin-proposal-class-properties 211ms (cache updated)
npm http fetch GET 200 https://registry.npmjs.org/@babel%2fplugin-proposal-decorators 199ms (cache updated)
npm http fetch GET 200 https://registry.npmjs.org/@babel%2fplugin-proposal-nullish-coalescing-operator 201ms (cache updated)
npm http fetch GET 200 https://registry.npmjs.org/@babel%2fplugin-proposal-numeric-separator 175ms (cache updated)
npm http fetch GET 200 https://registry.npmjs.org/@babel%2fplugin-proposal-optional-chaining 199ms (cache updated)
npm http fetch GET 200 https://registry.npmjs.org/@babel%2fplugin-proposal-private-methods 188ms (cache updated)
npm http fetch GET 200 https://registry.npmjs.org/@babel%2fplugin-proposal-private-property-in-object 172ms (cache updated)
npm http fetch GET 200 https://registry.npmjs.org/@babel%2fplugin-transform-flow-strip-types 218ms (cache updated)
npm http fetch GET 200 https://registry.npmjs.org/@babel%2fpreset-env 23ms (cache hit)
npm http fetch GET 200 https://registry.npmjs.org/@babel%2fplugin-transform-react-display-name 270ms (cache updated)
npm http fetch GET 200 https://registry.npmjs.org/@babel%2fpreset-react 46ms (cache hit)
npm http fetch GET 200 https://registry.npmjs.org/@babel%2fplugin-transform-runtime 264ms (cache updated)
npm http fetch GET 200 https://registry.npmjs.org/babel-plugin-macros 199ms (cache updated)
npm http fetch GET 200 https://registry.npmjs.org/@babel%2fpreset-typescript 279ms (cache updated)
npm http fetch GET 200 https://registry.npmjs.org/@babel%2fruntime 343ms (cache updated)
npm http fetch GET 200 https://registry.npmjs.org/babel-plugin-transform-react-remove-prop-types 204ms (cache updated)
npm http fetch GET 200 https://registry.npmjs.org/hoopy 204ms (cache updated)
npm http fetch GET 200 https://registry.npmjs.org/tryer 202ms (cache updated)
npm http fetch GET 200 https://registry.npmjs.org/bluebird 207ms (cache updated)
npm http fetch GET 200 https://registry.npmjs.org/jsonpath 227ms (cache updated)
npm http fetch GET 200 https://registry.npmjs.org/check-types 228ms (cache updated)
npm http fetch GET 200 https://registry.npmjs.org/caniuse-lite 300ms (cache updated)
npm http fetch GET 200 https://registry.npmjs.org/node-releases 233ms (cache updated)
npm http fetch GET 200 https://registry.npmjs.org/electron-to-chromium 478ms (cache updated)
npm http fetch GET 200 https://registry.npmjs.org/update-browserslist-db 274ms (cache updated)
npm http fetch GET 200 https://registry.npmjs.org/postcss 45ms (cache hit)
npm http fetch GET 200 https://registry.npmjs.org/icss-utils 286ms (cache updated)
npm http fetch GET 200 https://registry.npmjs.org/postcss-modules-extract-imports 262ms (cache updated)
npm http fetch GET 200 https://registry.npmjs.org/postcss-modules-local-by-default 233ms (cache updated)
npm http fetch GET 200 https://registry.npmjs.org/postcss-modules-scope 316ms (cache updated)
npm http fetch GET 200 https://registry.npmjs.org/postcss-modules-values 227ms (cache updated)
npm http fetch GET 200 https://registry.npmjs.org/postcss-value-parser 215ms (cache updated)
npm http fetch GET 200 https://registry.npmjs.org/source-map 33ms (cache hit)
npm http fetch GET 200 https://registry.npmjs.org/cssnano 224ms (cache updated)
npm http fetch GET 200 https://registry.npmjs.org/jest-worker 243ms (cache updated)
npm http fetch GET 200 https://registry.npmjs.org/serialize-javascript 237ms (cache updated)
npm http fetch GET 200 https://registry.npmjs.org/debug 25ms (cache hit)
npm http fetch GET 200 https://registry.npmjs.org/ajv 262ms (cache updated)
npm http fetch GET 200 https://registry.npmjs.org/levn 218ms (cache updated)
npm http fetch GET 200 https://registry.npmjs.org/espree 202ms (cache updated)
npm http fetch GET 200 https://registry.npmjs.org/ignore 218ms (cache updated)
npm http fetch GET 200 https://registry.npmjs.org/esquery 198ms (cache updated)
npm http fetch GET 200 https://registry.npmjs.org/esutils 199ms (cache updated)
npm http fetch GET 200 https://registry.npmjs.org/find-up 195ms (cache updated)
npm http fetch GET 200 https://registry.npmjs.org/globals 215ms (cache updated)
npm http fetch GET 200 https://registry.npmjs.org/is-glob 270ms (cache updated)
npm http fetch GET 200 https://registry.npmjs.org/js-yaml 214ms (cache updated)
npm http fetch GET 200 https://registry.npmjs.org/doctrine 281ms (cache updated)
npm http fetch GET 200 https://registry.npmjs.org/graphemer 205ms (cache updated)
npm http fetch GET 200 https://registry.npmjs.org/minimatch 201ms (cache updated)
npm http fetch GET 200 https://registry.npmjs.org/@eslint%2fjs 223ms (cache updated)
npm http fetch GET 200 https://registry.npmjs.org/optionator 217ms (cache updated)
npm http fetch GET 200 https://registry.npmjs.org/strip-ansi 194ms (cache updated)
npm http fetch GET 200 https://registry.npmjs.org/text-table 204ms (cache updated)
npm http fetch GET 200 https://registry.npmjs.org/cross-spawn 209ms (cache updated)
npm http fetch GET 200 https://registry.npmjs.org/glob-parent 210ms (cache updated)
npm http fetch GET 200 https://registry.npmjs.org/eslint-scope 37ms (cache hit)
npm http fetch GET 200 https://registry.npmjs.org/imurmurhash 199ms (cache updated)
npm http fetch GET 200 https://registry.npmjs.org/is-path-inside 187ms (cache updated)
npm http fetch GET 200 https://registry.npmjs.org/lodash.merge 206ms (cache updated)
npm http fetch GET 200 https://registry.npmjs.org/fast-deep-equal 209ms (cache updated)
npm http fetch GET 200 https://registry.npmjs.org/natural-compare 191ms (cache updated)
npm http fetch GET 200 https://registry.npmjs.org/@eslint%2feslintrc 217ms (cache updated)
npm http fetch GET 200 https://registry.npmjs.org/file-entry-cache 169ms (cache updated)
npm http fetch GET 200 https://registry.npmjs.org/eslint-visitor-keys 157ms (cache updated)
npm http fetch GET 200 https://registry.npmjs.org/@nodelib%2ffs.walk 334ms (cache updated)
npm http fetch GET 200 https://registry.npmjs.org/escape-string-regexp 174ms (cache updated)
npm http fetch GET 200 https://registry.npmjs.org/@ungap%2fstructured-clone 199ms (cache updated)
npm http fetch GET 200 https://registry.npmjs.org/@eslint-community%2fregexpp 191ms (cache updated)
npm http fetch GET 200 https://registry.npmjs.org/@humanwhocodes%2fconfig-array 225ms (cache updated)
npm http fetch GET 200 https://registry.npmjs.org/@eslint-community%2feslint-utils 233ms (cache updated)
npm http fetch GET 200 https://registry.npmjs.org/@humanwhocodes%2fmodule-importer 203ms (cache updated)
npm http fetch GET 200 https://registry.npmjs.org/json-stable-stringify-without-jsonify 168ms (cache updated)
npm http fetch GET 200 https://registry.npmjs.org/eslint-plugin-react 222ms (cache updated)
npm http fetch GET 200 https://registry.npmjs.org/eslint-plugin-jest 327ms (cache updated)
npm http fetch GET 200 https://registry.npmjs.org/@babel%2feslint-parser 294ms (cache updated)
npm http fetch GET 200 https://registry.npmjs.org/eslint-plugin-import 185ms (cache updated)
npm http fetch GET 200 https://registry.npmjs.org/eslint-plugin-flowtype 193ms (cache updated)
npm http fetch GET 200 https://registry.npmjs.org/eslint-plugin-jsx-a11y 215ms (cache updated)
npm http fetch GET 200 https://registry.npmjs.org/confusing-browser-globals 183ms (cache updated)
npm http fetch GET 200 https://registry.npmjs.org/@rushstack%2feslint-patch 386ms (cache updated)
npm http fetch GET 200 https://registry.npmjs.org/eslint-plugin-testing-library 284ms (cache updated)
npm http fetch GET 200 https://registry.npmjs.org/eslint-plugin-react-hooks 548ms (cache updated)
npm http fetch GET 200 https://registry.npmjs.org/@typescript-eslint%2fparser 1048ms (cache updated)
npm http fetch GET 200 https://registry.npmjs.org/jest-worker 37ms (cache hit)
npm http fetch GET 200 https://registry.npmjs.org/micromatch 492ms (cache updated)
npm http fetch GET 200 https://registry.npmjs.org/normalize-path 238ms (cache updated)
npm http fetch GET 200 https://registry.npmjs.org/@types%2feslint 275ms (cache updated)
npm http fetch GET 200 https://registry.npmjs.org/@typescript-eslint%2feslint-plugin 1230ms (cache updated)
npm http fetch GET 200 https://registry.npmjs.org/universalify 485ms (cache updated)
npm http fetch GET 200 https://registry.npmjs.org/jsonfile 519ms (cache updated)
npm http fetch GET 200 https://registry.npmjs.org/@types%2fhtml-minifier-terser 203ms (cache updated)
npm http fetch GET 200 https://registry.npmjs.org/html-minifier-terser 209ms (cache updated)
npm http fetch GET 200 https://registry.npmjs.org/lodash 220ms (cache updated)
npm http fetch GET 200 https://registry.npmjs.org/tapable 42ms (cache hit)
npm http fetch GET 200 https://registry.npmjs.org/harmony-reflect 215ms (cache updated)
npm http fetch GET 200 https://registry.npmjs.org/jest-cli 261ms (cache updated)
npm http fetch GET 200 https://registry.npmjs.org/pretty-error 409ms (cache updated)
npm http fetch GET 200 https://registry.npmjs.org/@jest%2fcore 221ms (cache updated)
npm http fetch GET 200 https://registry.npmjs.org/import-local 202ms (cache updated)
npm http fetch GET 200 https://registry.npmjs.org/jest-util 206ms (cache updated)
npm http fetch GET 200 https://registry.npmjs.org/jest-validate 209ms (cache updated)
npm http fetch GET 200 https://registry.npmjs.org/resolve.exports 194ms (cache updated)
npm http fetch GET 200 https://registry.npmjs.org/jest-haste-map 259ms (cache updated)
npm http fetch GET 200 https://registry.npmjs.org/jest-pnp-resolver 166ms (cache updated)
npm http fetch GET 200 https://registry.npmjs.org/ansi-escapes 210ms (cache updated)
npm http fetch GET 200 https://registry.npmjs.org/jest-regex-util 192ms (cache updated)
npm http fetch GET 200 https://registry.npmjs.org/slash 84ms (cache hit)
npm http fetch GET 200 https://registry.npmjs.org/jest-watcher 240ms (cache updated)
npm http fetch GET 200 https://registry.npmjs.org/strip-ansi 60ms (cache hit)
npm http fetch GET 200 https://registry.npmjs.org/string-length 273ms (cache updated)
npm http fetch GET 200 https://registry.npmjs.org/picocolors 192ms (cache updated)
npm http fetch GET 200 https://registry.npmjs.org/nanoid 260ms (cache updated)
npm http fetch GET 200 https://registry.npmjs.org/source-map-js 193ms (cache updated)
npm http fetch GET 200 https://registry.npmjs.org/cosmiconfig 234ms (cache updated)
npm http fetch GET 200 https://registry.npmjs.org/klona 239ms (cache updated)
npm http fetch GET 200 https://registry.npmjs.org/sanitize.css 240ms (cache updated)
npm http fetch GET 200 https://registry.npmjs.org/@csstools%2fnormalize.css 239ms (cache updated)
npm http fetch GET 200 https://registry.npmjs.org/postcss-browser-comments 233ms (cache updated)
npm http fetch GET 200 https://registry.npmjs.org/cssdb 248ms (cache updated)
npm http fetch GET 200 https://registry.npmjs.org/postcss-clamp 173ms (cache updated)
npm http fetch GET 200 https://registry.npmjs.org/autoprefixer 225ms (cache updated)
npm http fetch GET 200 https://registry.npmjs.org/postcss-place 180ms (cache updated)
npm http fetch GET 200 https://registry.npmjs.org/css-has-pseudo 234ms (cache updated)
npm http fetch GET 200 https://registry.npmjs.org/postcss-initial 202ms (cache updated)
npm http fetch GET 200 https://registry.npmjs.org/postcss-logical 187ms (cache updated)
npm http fetch GET 200 https://registry.npmjs.org/postcss-nesting 182ms (cache updated)
npm http fetch GET 200 https://registry.npmjs.org/css-blank-pseudo 186ms (cache updated)
npm http fetch GET 200 https://registry.npmjs.org/postcss-page-break 169ms (cache updated)
npm http fetch GET 200 https://registry.npmjs.org/postcss-custom-media 155ms (cache updated)
npm http fetch GET 200 https://registry.npmjs.org/postcss-env-function 166ms (cache updated)
npm http fetch GET 200 https://registry.npmjs.org/postcss-focus-within 150ms (cache updated)
npm http fetch GET 200 https://registry.npmjs.org/postcss-font-variant 185ms (cache updated)
npm http fetch GET 200 https://registry.npmjs.org/postcss-lab-function 192ms (cache updated)
npm http fetch GET 200 https://registry.npmjs.org/postcss-media-minmax 190ms (cache updated)
npm http fetch GET 200 https://registry.npmjs.org/postcss-selector-not 196ms (cache updated)
npm http fetch GET 200 https://registry.npmjs.org/postcss-focus-visible 179ms (cache updated)
npm http fetch GET 200 https://registry.npmjs.org/postcss-gap-properties 196ms (cache updated)
npm http fetch GET 200 https://registry.npmjs.org/postcss-color-hex-alpha 182ms (cache updated)
npm http fetch GET 200 https://registry.npmjs.org/css-prefers-color-scheme 163ms (cache updated)
npm http fetch GET 200 https://registry.npmjs.org/postcss-custom-selectors 162ms (cache updated)
npm http fetch GET 200 https://registry.npmjs.org/postcss-dir-pseudo-class 165ms (cache updated)
npm http fetch GET 200 https://registry.npmjs.org/@csstools%2fpostcss-ic-unit 237ms (cache updated)
npm http fetch GET 200 https://registry.npmjs.org/postcss-custom-properties 198ms (cache updated)
npm http fetch GET 200 https://registry.npmjs.org/postcss-image-set-function 167ms (cache updated)
npm http fetch GET 200 https://registry.npmjs.org/postcss-opacity-percentage 169ms (cache updated)
npm http fetch GET 200 https://registry.npmjs.org/postcss-overflow-shorthand 173ms (cache updated)
npm http fetch GET 200 https://registry.npmjs.org/postcss-color-rebeccapurple 166ms (cache updated)
npm http fetch GET 200 https://registry.npmjs.org/@csstools%2fpostcss-nested-calc 177ms (cache updated)
npm http fetch GET 200 https://registry.npmjs.org/@csstools%2fpostcss-unset-value 194ms (cache updated)
npm http fetch GET 200 https://registry.npmjs.org/postcss-pseudo-class-any-link 151ms (cache updated)
npm http fetch GET 200 https://registry.npmjs.org/postcss-replace-overflow-wrap 151ms (cache updated)
npm http fetch GET 200 https://registry.npmjs.org/@csstools%2fpostcss-hwb-function 188ms (cache updated)
npm http fetch GET 200 https://registry.npmjs.org/@csstools%2fpostcss-cascade-layers 195ms (cache updated)
npm http fetch GET 200 https://registry.npmjs.org/@csstools%2fpostcss-color-function 181ms (cache updated)
npm http fetch GET 200 https://registry.npmjs.org/@csstools%2fpostcss-oklab-function 198ms (cache updated)
npm http fetch GET 200 https://registry.npmjs.org/@csstools%2fpostcss-is-pseudo-class 186ms (cache updated)
npm http fetch GET 200 https://registry.npmjs.org/postcss-color-functional-notation 160ms (cache updated)
npm http fetch GET 200 https://registry.npmjs.org/postcss-double-position-gradients 168ms (cache updated)
npm http fetch GET 200 https://registry.npmjs.org/postcss-attribute-case-insensitive 172ms (cache updated)
npm http fetch GET 200 https://registry.npmjs.org/@csstools%2fpostcss-font-format-keywords 186ms (cache updated)
npm http fetch GET 200 https://registry.npmjs.org/@csstools%2fpostcss-stepped-value-functions 177ms (cache updated)
npm http fetch GET 200 https://registry.npmjs.org/@csstools%2fpostcss-trigonometric-functions 184ms (cache updated)
npm http fetch GET 200 https://registry.npmjs.org/@csstools%2fpostcss-normalize-display-values 191ms (cache updated)
npm http fetch GET 200 https://registry.npmjs.org/@csstools%2fpostcss-text-decoration-shorthand 218ms (cache updated)
npm http fetch GET 200 https://registry.npmjs.org/@csstools%2fpostcss-progressive-custom-properties 235ms (cache updated)
npm http fetch GET 200 https://registry.npmjs.org/kleur 204ms (cache updated)
npm http fetch GET 200 https://registry.npmjs.org/sisteransi 178ms (cache updated)
npm http fetch GET 200 https://registry.npmjs.org/raf 161ms (cache updated)
npm http fetch GET 200 https://registry.npmjs.org/core-js 188ms (cache updated)
npm http fetch GET 200 https://registry.npmjs.org/promise 200ms (cache updated)
npm http fetch GET 200 https://registry.npmjs.org/whatwg-fetch 221ms (cache updated)
npm http fetch GET 200 https://registry.npmjs.org/object-assign 231ms (cache updated)
npm http fetch GET 200 https://registry.npmjs.org/chalk 14ms (cache hit)
npm http fetch GET 200 https://registry.npmjs.org/open 210ms (cache updated)
npm http fetch GET 200 https://registry.npmjs.org/regenerator-runtime 283ms (cache updated)
npm http fetch GET 200 https://registry.npmjs.org/immer 214ms (cache updated)
npm http fetch GET 200 https://registry.npmjs.org/pkg-up 239ms (cache updated)
npm http fetch GET 200 https://registry.npmjs.org/globby 250ms (cache updated)
npm http fetch GET 200 https://registry.npmjs.org/address 307ms (cache updated)
npm http fetch GET 200 https://registry.npmjs.org/is-root 235ms (cache updated)
npm http fetch GET 200 https://registry.npmjs.org/cross-spawn 24ms (cache hit)
npm http fetch GET 200 https://registry.npmjs.org/filesize 267ms (cache updated)
npm http fetch GET 200 https://registry.npmjs.org/gzip-size 274ms (cache updated)
npm http fetch GET 200 https://registry.npmjs.org/shell-quote 358ms (cache updated)
npm http fetch GET 200 https://registry.npmjs.org/global-modules 348ms (cache updated)
npm http fetch GET 200 https://registry.npmjs.org/@babel%2fcode-frame 116ms (cache hit)
npm http fetch GET 200 https://registry.npmjs.org/detect-port-alt 309ms (cache updated)
npm http fetch GET 200 https://registry.npmjs.org/recursive-readdir 207ms (cache updated)
npm http fetch GET 200 https://registry.npmjs.org/react-error-overlay 199ms (cache updated)
npm http fetch GET 200 https://registry.npmjs.org/fork-ts-checker-webpack-plugin 219ms (cache updated)
npm http fetch GET 200 https://registry.npmjs.org/is-core-module 173ms (cache updated)
npm http fetch GET 200 https://registry.npmjs.org/path-parse 187ms (cache updated)
npm http fetch GET 200 https://registry.npmjs.org/convert-source-map 13ms (cache hit)
npm http fetch GET 200 https://registry.npmjs.org/klona 14ms (cache hit)
npm http fetch GET 200 https://registry.npmjs.org/supports-preserve-symlinks-flag 188ms (cache updated)
npm http fetch GET 200 https://registry.npmjs.org/adjust-sourcemap-loader 215ms (cache updated)
npm http fetch GET 200 https://registry.npmjs.org/source-map-js 17ms (cache hit)
npm http fetch GET 200 https://registry.npmjs.org/iconv-lite 200ms (cache updated)
npm http fetch GET 200 https://registry.npmjs.org/abab 270ms (cache updated)
npm http fetch GET 200 https://registry.npmjs.org/arg 201ms (cache updated)
npm http fetch GET 200 https://registry.npmjs.org/is-glob 12ms (cache hit)
npm http fetch GET 200 https://registry.npmjs.org/dlv 218ms (cache updated)
npm http fetch GET 200 https://registry.npmjs.org/jiti 227ms (cache updated)
npm http fetch GET 200 https://registry.npmjs.org/sucrase 201ms (cache updated)
npm http fetch GET 200 https://registry.npmjs.org/chokidar 174ms (cache updated)
npm http fetch GET 200 https://registry.npmjs.org/fast-glob 186ms (cache updated)
npm http fetch GET 200 https://registry.npmjs.org/micromatch 17ms (cache hit)
npm http fetch GET 200 https://registry.npmjs.org/lilconfig 192ms (cache updated)
npm http fetch GET 200 https://registry.npmjs.org/didyoumean 163ms (cache updated)
npm http fetch GET 200 https://registry.npmjs.org/postcss-js 181ms (cache updated)
npm http fetch GET 200 https://registry.npmjs.org/object-hash 183ms (cache updated)
npm http fetch GET 200 https://registry.npmjs.org/postcss-import 184ms (cache updated)
npm http fetch GET 200 https://registry.npmjs.org/postcss-nested 169ms (cache updated)
npm http fetch GET 200 https://registry.npmjs.org/@alloc%2fquick-lru 184ms (cache updated)
npm http fetch GET 200 https://registry.npmjs.org/postcss-load-config 163ms (cache updated)
npm http fetch GET 200 https://registry.npmjs.org/serialize-javascript 14ms (cache hit)
npm http fetch GET 200 https://registry.npmjs.org/postcss-selector-parser 203ms (cache updated)
npm http fetch GET 200 https://registry.npmjs.org/@jridgewell%2ftrace-mapping 224ms (cache updated)
npm http fetch GET 200 https://registry.npmjs.org/open 21ms (cache hit)
npm http fetch GET 200 https://registry.npmjs.org/terser 246ms (cache updated)
npm http fetch GET 200 https://registry.npmjs.org/ws 212ms (cache updated)
npm http fetch GET 200 https://registry.npmjs.org/spdy 207ms (cache updated)
npm http fetch GET 200 https://registry.npmjs.org/rimraf 231ms (cache updated)
npm http fetch GET 200 https://registry.npmjs.org/sockjs 299ms (cache updated)
npm http fetch GET 200 https://registry.npmjs.org/chokidar 41ms (cache hit)
npm http fetch GET 200 https://registry.npmjs.org/express 289ms (cache updated)
npm http fetch GET 200 https://registry.npmjs.org/p-retry 276ms (cache updated)
npm http fetch GET 200 https://registry.npmjs.org/colorette 235ms (cache updated)
npm http fetch GET 200 https://registry.npmjs.org/ipaddr.js 205ms (cache updated)
npm http fetch GET 200 https://registry.npmjs.org/@types%2fws 337ms (cache updated)
npm http fetch GET 200 https://registry.npmjs.org/selfsigned 192ms (cache updated)
npm http fetch GET 200 https://registry.npmjs.org/compression 203ms (cache updated)
npm http fetch GET 200 https://registry.npmjs.org/html-entities 24ms (cache hit)
npm http fetch GET 200 https://registry.npmjs.org/serve-index 204ms (cache updated)
npm http fetch GET 200 https://registry.npmjs.org/@types%2fsockjs 219ms (cache updated)
npm http fetch GET 200 https://registry.npmjs.org/launch-editor 232ms (cache updated)
npm http fetch GET 200 https://registry.npmjs.org/@types%2fbonjour 265ms (cache updated)
npm http fetch GET 200 https://registry.npmjs.org/bonjour-service 318ms (cache updated)
npm http fetch GET 200 https://registry.npmjs.org/@types%2fexpress 395ms (cache updated)
npm http fetch GET 200 https://registry.npmjs.org/default-gateway 284ms (cache updated)
npm http fetch GET 200 https://registry.npmjs.org/@types%2fserve-static 245ms (cache updated)
npm http fetch GET 200 https://registry.npmjs.org/ansi-html-community 252ms (cache updated)
npm http fetch GET 200 https://registry.npmjs.org/@types%2fserve-index 302ms (cache updated)
npm http fetch GET 200 https://registry.npmjs.org/http-proxy-middleware 232ms (cache updated)
npm http fetch GET 200 https://registry.npmjs.org/connect-history-api-fallback 232ms (cache updated)
npm http fetch GET 200 https://registry.npmjs.org/webpack-dev-middleware 273ms (cache updated)
npm http fetch GET 200 https://registry.npmjs.org/webpack-sources 42ms (cache hit)
npm http fetch GET 200 https://registry.npmjs.org/@types%2fconnect-history-api-fallback 201ms (cache updated)
npm http fetch GET 200 https://registry.npmjs.org/upath 235ms (cache updated)
npm http fetch GET 200 https://registry.npmjs.org/pretty-bytes 254ms (cache updated)
npm http fetch GET 200 https://registry.npmjs.org/workbox-build 221ms (cache updated)
npm http fetch GET 200 https://registry.npmjs.org/fast-json-stable-stringify 219ms (cache updated)
npm http fetch GET 200 https://registry.npmjs.org/@babel%2fcore 32ms (cache hit)
npm http fetch GET 200 https://registry.npmjs.org/@jridgewell%2ftrace-mapping 30ms (cache hit)
npm http fetch GET 200 https://registry.npmjs.org/@jridgewell%2fgen-mapping 212ms (cache updated)
npm http fetch GET 200 https://registry.npmjs.org/@babel%2fhelper-validator-identifier 212ms (cache updated)
npm http fetch GET 200 https://registry.npmjs.org/js-tokens 209ms (cache updated)
npm http fetch GET 200 https://registry.npmjs.org/jsesc 192ms (cache updated)
npm http fetch GET 200 https://registry.npmjs.org/@babel%2fcompat-data 200ms (cache updated)
npm http fetch GET 200 https://registry.npmjs.org/@babel%2fhelper-validator-option 194ms (cache updated)
npm http fetch GET 200 https://registry.npmjs.org/globals 19ms (cache hit)
npm http fetch GET 200 https://registry.npmjs.org/lru-cache 195ms (cache updated)
npm http fetch GET 200 https://registry.npmjs.org/@babel%2fhelper-module-imports 211ms (cache updated)
npm http fetch GET 200 https://registry.npmjs.org/@babel%2fhelper-string-parser 190ms (cache updated)
npm http fetch GET 200 https://registry.npmjs.org/ms 193ms (cache updated)
npm http fetch GET 200 https://registry.npmjs.org/@jridgewell%2fresolve-uri 181ms (cache updated)
npm http fetch GET 200 https://registry.npmjs.org/@jridgewell%2fsourcemap-codec 187ms (cache updated)
npm http fetch GET 200 https://registry.npmjs.org/@jridgewell%2fsourcemap-codec 16ms (cache hit)
npm http fetch GET 200 https://registry.npmjs.org/@jridgewell%2fset-array 241ms (cache updated)
npm http fetch GET 200 https://registry.npmjs.org/yallist 173ms (cache updated)
npm http fetch GET 200 https://registry.npmjs.org/big.js 218ms (cache updated)
npm http fetch GET 200 https://registry.npmjs.org/emojis-list 234ms (cache updated)
npm http fetch GET 200 https://registry.npmjs.org/stackframe 255ms (cache updated)
npm http fetch GET 200 https://registry.npmjs.org/@types%2fjson-schema 41ms (cache hit)
npm http fetch GET 200 https://registry.npmjs.org/ajv 38ms (cache hit)
npm http fetch GET 200 https://registry.npmjs.org/ajv-formats 227ms (cache updated)
npm http fetch GET 200 https://registry.npmjs.org/ajv-keywords 220ms (cache updated)
npm http fetch GET 200 https://registry.npmjs.org/@babel%2fhelper-plugin-utils 176ms (cache updated)
npm http fetch GET 200 https://registry.npmjs.org/@babel%2fplugin-bugfix-firefox-class-in-computed-class-key 197ms (cache updated)
npm http fetch GET 200 https://registry.npmjs.org/@babel%2fhelper-plugin-utils 229ms (cache updated)
npm http fetch GET 200 https://registry.npmjs.org/@babel%2fplugin-bugfix-safari-class-field-initializer-scope 203ms (cache updated)
npm http fetch GET 200 https://registry.npmjs.org/@babel%2fplugin-bugfix-v8-spread-parameters-in-optional-chaining 207ms (cache updated)
npm http fetch GET 200 https://registry.npmjs.org/@babel%2fplugin-proposal-private-property-in-object 13ms (cache hit)
npm http fetch GET 200 https://registry.npmjs.org/@babel%2fplugin-bugfix-safari-id-destructuring-collision-in-function-expression 320ms (cache updated)
npm http fetch GET 200 https://registry.npmjs.org/@babel%2fplugin-bugfix-v8-static-class-fields-redefine-readonly 268ms (cache updated)
npm http fetch GET 200 https://registry.npmjs.org/@babel%2fplugin-syntax-import-assertions 270ms (cache updated)
npm http fetch GET 200 https://registry.npmjs.org/@babel%2fplugin-syntax-import-attributes 293ms (cache updated)
npm http fetch GET 200 https://registry.npmjs.org/@babel%2fplugin-syntax-unicode-sets-regex 221ms (cache updated)
npm http fetch GET 200 https://registry.npmjs.org/@babel%2fplugin-transform-arrow-functions 203ms (cache updated)
npm http fetch GET 200 https://registry.npmjs.org/@babel%2fplugin-transform-async-generator-functions 192ms (cache updated)
npm http fetch GET 200 https://registry.npmjs.org/@babel%2fplugin-transform-async-to-generator 207ms (cache updated)
npm http fetch GET 200 https://registry.npmjs.org/@babel%2fplugin-transform-block-scoped-functions 193ms (cache updated)
npm http fetch GET 200 https://registry.npmjs.org/@babel%2fplugin-transform-block-scoping 254ms (cache updated)
npm http fetch GET 200 https://registry.npmjs.org/@babel%2fplugin-transform-class-properties 219ms (cache updated)
npm http fetch GET 200 https://registry.npmjs.org/@babel%2fplugin-transform-class-static-block 200ms (cache updated)
npm http fetch GET 200 https://registry.npmjs.org/@babel%2fplugin-transform-classes 248ms (cache updated)
npm http fetch GET 200 https://registry.npmjs.org/@babel%2fplugin-transform-computed-properties 243ms (cache updated)
npm http fetch GET 200 https://registry.npmjs.org/@babel%2fplugin-transform-destructuring 247ms (cache updated)
npm http fetch GET 200 https://registry.npmjs.org/@babel%2fplugin-transform-dotall-regex 226ms (cache updated)
npm http fetch GET 200 https://registry.npmjs.org/@babel%2fplugin-transform-duplicate-keys 234ms (cache updated)
npm http fetch GET 200 https://registry.npmjs.org/@babel%2fplugin-transform-duplicate-named-capturing-groups-regex 222ms (cache updated)
npm http fetch GET 200 https://registry.npmjs.org/@babel%2fplugin-transform-dynamic-import 235ms (cache updated)
npm http fetch GET 200 https://registry.npmjs.org/@babel%2fplugin-transform-exponentiation-operator 238ms (cache updated)
npm http fetch GET 200 https://registry.npmjs.org/@babel%2fplugin-transform-export-namespace-from 247ms (cache updated)
npm http fetch GET 200 https://registry.npmjs.org/@babel%2fplugin-transform-for-of 202ms (cache updated)
npm http fetch GET 200 https://registry.npmjs.org/@babel%2fplugin-transform-function-name 216ms (cache updated)
npm http fetch GET 200 https://registry.npmjs.org/@babel%2fplugin-transform-json-strings 206ms (cache updated)
npm http fetch GET 200 https://registry.npmjs.org/@babel%2fplugin-transform-literals 251ms (cache updated)
npm http fetch GET 200 https://registry.npmjs.org/@babel%2fplugin-transform-logical-assignment-operators 257ms (cache updated)
npm http fetch GET 200 https://registry.npmjs.org/@babel%2fplugin-transform-member-expression-literals 323ms (cache updated)
npm http fetch GET 200 https://registry.npmjs.org/@babel%2fplugin-transform-modules-amd 285ms (cache updated)
npm http fetch GET 200 https://registry.npmjs.org/@babel%2fplugin-transform-modules-commonjs 251ms (cache updated)
npm http fetch GET 200 https://registry.npmjs.org/@babel%2fplugin-transform-modules-systemjs 205ms (cache updated)
npm http fetch GET 200 https://registry.npmjs.org/@babel%2fplugin-transform-modules-umd 166ms (cache updated)
npm http fetch GET 200 https://registry.npmjs.org/@babel%2fplugin-transform-named-capturing-groups-regex 195ms (cache updated)
npm http fetch GET 200 https://registry.npmjs.org/@babel%2fplugin-transform-new-target 188ms (cache updated)
npm http fetch GET 200 https://registry.npmjs.org/@babel%2fplugin-transform-nullish-coalescing-operator 208ms (cache updated)
npm http fetch GET 200 https://registry.npmjs.org/@babel%2fplugin-transform-numeric-separator 221ms (cache updated)
npm http fetch GET 200 https://registry.npmjs.org/@babel%2fplugin-transform-object-rest-spread 206ms (cache updated)
npm http fetch GET 200 https://registry.npmjs.org/@babel%2fplugin-transform-object-super 204ms (cache updated)
npm http fetch GET 200 https://registry.npmjs.org/@babel%2fplugin-transform-optional-catch-binding 198ms (cache updated)
npm http fetch GET 200 https://registry.npmjs.org/@babel%2fplugin-transform-optional-chaining 211ms (cache updated)
npm http fetch GET 200 https://registry.npmjs.org/@babel%2fplugin-transform-parameters 198ms (cache updated)
npm http fetch GET 200 https://registry.npmjs.org/@babel%2fplugin-transform-private-methods 199ms (cache updated)
npm http fetch GET 200 https://registry.npmjs.org/@babel%2fplugin-transform-private-property-in-object 243ms (cache updated)
npm http fetch GET 200 https://registry.npmjs.org/@babel%2fplugin-transform-property-literals 241ms (cache updated)
npm http fetch GET 200 https://registry.npmjs.org/@babel%2fplugin-transform-regenerator 247ms (cache updated)
npm http fetch GET 200 https://registry.npmjs.org/@babel%2fplugin-transform-regexp-modifiers 202ms (cache updated)
npm http fetch GET 200 https://registry.npmjs.org/@babel%2fplugin-transform-reserved-words 240ms (cache updated)
npm http fetch GET 200 https://registry.npmjs.org/@babel%2fplugin-transform-shorthand-properties 208ms (cache updated)
npm http fetch GET 200 https://registry.npmjs.org/@babel%2fplugin-transform-spread 207ms (cache updated)
npm http fetch GET 200 https://registry.npmjs.org/@babel%2fplugin-transform-sticky-regex 189ms (cache updated)
npm http fetch GET 200 https://registry.npmjs.org/@babel%2fplugin-transform-template-literals 187ms (cache updated)
npm http fetch GET 200 https://registry.npmjs.org/@babel%2fplugin-transform-typeof-symbol 194ms (cache updated)
npm http fetch GET 200 https://registry.npmjs.org/@babel%2fplugin-transform-unicode-escapes 167ms (cache updated)
npm http fetch GET 200 https://registry.npmjs.org/@babel%2fplugin-transform-unicode-property-regex 151ms (cache updated)
npm http fetch GET 200 https://registry.npmjs.org/@babel%2fplugin-transform-unicode-regex 157ms (cache updated)
npm http fetch GET 200 https://registry.npmjs.org/@babel%2fplugin-transform-unicode-sets-regex 164ms (cache updated)
npm http fetch GET 200 https://registry.npmjs.org/@babel%2fpreset-modules 159ms (cache updated)
npm http fetch GET 200 https://registry.npmjs.org/babel-plugin-polyfill-corejs2 146ms (cache updated)
npm http fetch GET 200 https://registry.npmjs.org/babel-plugin-polyfill-corejs3 163ms (cache updated)
npm http fetch GET 200 https://registry.npmjs.org/@babel%2fplugin-transform-react-display-name 11ms (cache hit)
npm http fetch GET 200 https://registry.npmjs.org/babel-plugin-polyfill-regenerator 183ms (cache updated)
npm http fetch GET 200 https://registry.npmjs.org/core-js-compat 174ms (cache updated)
npm http fetch GET 200 https://registry.npmjs.org/@babel%2fplugin-transform-react-jsx 182ms (cache updated)
npm http fetch GET 200 https://registry.npmjs.org/@babel%2fplugin-transform-react-pure-annotations 207ms (cache updated)
npm http fetch GET 200 https://registry.npmjs.org/@babel%2fplugin-transform-react-jsx-development 268ms (cache updated)
npm http fetch GET 200 https://registry.npmjs.org/@svgr%2fbabel-preset 212ms (cache updated)
npm http fetch GET 200 https://registry.npmjs.org/svg-parser 256ms (cache updated)
npm http fetch GET 200 https://registry.npmjs.org/@svgr%2fhast-util-to-babel-ast 286ms (cache updated)
npm http fetch GET 200 https://registry.npmjs.org/deepmerge 209ms (cache updated)
npm http fetch GET 200 https://registry.npmjs.org/svgo 191ms (cache updated)
npm http fetch GET 200 https://registry.npmjs.org/@babel%2fhelper-skip-transparent-expression-wrappers 234ms (cache updated)
npm http fetch GET 200 https://registry.npmjs.org/@babel%2fhelper-create-regexp-features-plugin 240ms (cache updated)
npm http fetch GET 200 https://registry.npmjs.org/@babel%2fhelper-remap-async-to-generator 362ms (cache updated)
npm http fetch GET 200 https://registry.npmjs.org/@babel%2fhelper-remap-async-to-generator 208ms (cache updated)
npm http fetch GET 200 https://registry.npmjs.org/@babel%2fhelper-create-class-features-plugin 218ms (cache updated)
npm http fetch GET 200 https://registry.npmjs.org/@babel%2fhelper-create-class-features-plugin 216ms (cache updated)
npm http fetch GET 200 https://registry.npmjs.org/@babel%2fhelper-create-regexp-features-plugin 16ms (cache hit)
npm http fetch GET 200 https://registry.npmjs.org/@babel%2fhelper-annotate-as-pure 206ms (cache updated)
npm http fetch GET 200 https://registry.npmjs.org/@babel%2fhelper-replace-supers 200ms (cache updated)
npm http fetch GET 200 https://registry.npmjs.org/@babel%2fhelper-replace-supers 205ms (cache updated)
npm http fetch GET 200 https://registry.npmjs.org/@babel%2fhelper-define-polyfill-provider 210ms (cache updated)
npm http fetch GET 200 https://registry.npmjs.org/@babel%2fhelper-define-polyfill-provider 265ms (cache updated)
npm http fetch GET 200 https://registry.npmjs.org/@babel%2fhelper-define-polyfill-provider 206ms (cache updated)
npm http fetch GET 200 https://registry.npmjs.org/regexpu-core 206ms (cache updated)
npm http fetch GET 200 https://registry.npmjs.org/regenerate 200ms (cache updated)
npm http fetch GET 200 https://registry.npmjs.org/regjsgen 206ms (cache updated)
npm http fetch GET 200 https://registry.npmjs.org/regenerate-unicode-properties 213ms (cache updated)
npm http fetch GET 200 https://registry.npmjs.org/regjsparser 191ms (cache updated)
npm http fetch GET 200 https://registry.npmjs.org/unicode-match-property-value-ecmascript 187ms (cache updated)
npm http fetch GET 200 https://registry.npmjs.org/unicode-match-property-ecmascript 192ms (cache updated)
npm http fetch GET 200 https://registry.npmjs.org/@babel%2fhelper-wrap-function 191ms (cache updated)
npm http fetch GET 200 https://registry.npmjs.org/@babel%2fhelper-optimise-call-expression 206ms (cache updated)
npm http fetch GET 200 https://registry.npmjs.org/@babel%2fhelper-member-expression-to-functions 219ms (cache updated)
npm http fetch GET 200 https://registry.npmjs.org/@babel%2fplugin-syntax-jsx 243ms (cache updated)
npm http fetch GET 200 https://registry.npmjs.org/parse-json 206ms (cache updated)
npm http fetch GET 200 https://registry.npmjs.org/@types%2fparse-json 219ms (cache updated)
npm http fetch GET 200 https://registry.npmjs.org/import-fresh 221ms (cache updated)
npm http fetch GET 200 https://registry.npmjs.org/path-type 184ms (cache updated)
npm http fetch GET 200 https://registry.npmjs.org/yaml 199ms (cache updated)
npm http fetch GET 200 https://registry.npmjs.org/@svgr%2fbabel-plugin-add-jsx-attribute 208ms (cache updated)
npm http fetch GET 200 https://registry.npmjs.org/@svgr%2fbabel-plugin-remove-jsx-attribute 211ms (cache updated)
npm http fetch GET 200 https://registry.npmjs.org/@svgr%2fbabel-plugin-remove-jsx-empty-expression 223ms (cache updated)
npm http fetch GET 200 https://registry.npmjs.org/@svgr%2fbabel-plugin-svg-dynamic-title 234ms (cache updated)
npm http fetch GET 200 https://registry.npmjs.org/@svgr%2fbabel-plugin-replace-jsx-attribute-value 406ms (cache updated)
npm http fetch GET 200 https://registry.npmjs.org/@svgr%2fbabel-plugin-svg-em-dimensions 399ms (cache updated)
npm http fetch GET 200 https://registry.npmjs.org/@svgr%2fbabel-plugin-transform-react-native-svg 194ms (cache updated)
npm http fetch GET 200 https://registry.npmjs.org/@svgr%2fbabel-plugin-transform-svg-component 427ms (cache updated)
npm http fetch GET 200 https://registry.npmjs.org/coa 196ms (cache updated)
npm http fetch GET 200 https://registry.npmjs.org/sax 224ms (cache updated)
npm http fetch GET 200 https://registry.npmjs.org/csso 240ms (cache updated)
npm http fetch GET 200 https://registry.npmjs.org/js-yaml 18ms (cache hit)
npm http fetch GET 200 https://registry.npmjs.org/mkdirp 215ms (cache updated)
npm http fetch GET 200 https://registry.npmjs.org/stable 201ms (cache updated)
npm http fetch GET 200 https://registry.npmjs.org/unquote 196ms (cache updated)
npm http fetch GET 200 https://registry.npmjs.org/css-select 164ms (cache updated)
npm http fetch GET 200 https://registry.npmjs.org/css-tree 220ms (cache updated)
npm http fetch GET 200 https://registry.npmjs.org/object.values 175ms (cache updated)
npm http fetch GET 200 https://registry.npmjs.org/util.promisify 209ms (cache updated)
npm http fetch GET 200 https://registry.npmjs.org/css-select-base-adapter 216ms (cache updated)
npm http fetch GET 200 https://registry.npmjs.org/jest-regex-util 27ms (cache hit)
npm http fetch GET 200 https://registry.npmjs.org/fast-json-stable-stringify 12ms (cache hit)
npm http fetch GET 200 https://registry.npmjs.org/write-file-atomic 232ms (cache updated)
npm http fetch GET 200 https://registry.npmjs.org/pirates 250ms (cache updated)
npm http fetch GET 200 https://registry.npmjs.org/@types%2fistanbul-reports 189ms (cache updated)
npm http fetch GET 200 https://registry.npmjs.org/@types%2fyargs 238ms (cache updated)
npm http fetch GET 200 https://registry.npmjs.org/@types%2fnode 467ms (cache updated)
npm http fetch GET 200 https://registry.npmjs.org/@types%2fistanbul-lib-coverage 336ms (cache updated)
npm http fetch GET 200 https://registry.npmjs.org/@types%2fbabel__template 290ms (cache updated)
npm http fetch GET 200 https://registry.npmjs.org/@types%2fbabel__traverse 248ms (cache updated)
npm http fetch GET 200 https://registry.npmjs.org/test-exclude 222ms (cache updated)
npm http fetch GET 200 https://registry.npmjs.org/@types%2fbabel__generator 248ms (cache updated)
npm http fetch GET 200 https://registry.npmjs.org/istanbul-lib-instrument 208ms (cache updated)
npm http fetch GET 200 https://registry.npmjs.org/@istanbuljs%2fschema 228ms (cache updated)
npm http fetch GET 200 https://registry.npmjs.org/@istanbuljs%2fload-nyc-config 237ms (cache updated)
npm http fetch GET 200 https://registry.npmjs.org/babel-preset-current-node-syntax 153ms (cache updated)
npm http fetch GET 200 https://registry.npmjs.org/ansi-styles 151ms (cache updated)
npm http fetch GET 200 https://registry.npmjs.org/babel-plugin-jest-hoist 279ms (cache updated)
npm http fetch GET 200 https://registry.npmjs.org/supports-color 175ms (cache updated)
npm http fetch GET 200 https://registry.npmjs.org/walker 202ms (cache updated)
npm http fetch GET 200 https://registry.npmjs.org/fb-watchman 243ms (cache updated)
npm http fetch GET 200 https://registry.npmjs.org/anymatch 251ms (cache updated)
npm http fetch GET 200 https://registry.npmjs.org/@types%2fgraceful-fs 216ms (cache updated)
npm http fetch GET 200 https://registry.npmjs.org/ci-info 320ms (cache updated)
npm http fetch GET 200 https://registry.npmjs.org/picomatch 183ms (cache updated)
npm http fetch GET 200 https://registry.npmjs.org/picomatch 13ms (cache hit)
npm http fetch GET 200 https://registry.npmjs.org/braces 164ms (cache updated)
npm http fetch GET 200 https://registry.npmjs.org/signal-exit 184ms (cache updated)
npm http fetch GET 200 https://registry.npmjs.org/jest-serializer 693ms (cache updated)
npm http fetch GET 200 https://registry.npmjs.org/is-typedarray 225ms (cache updated)
npm http fetch GET 200 https://registry.npmjs.org/typedarray-to-buffer 198ms (cache updated)
npm http fetch GET 200 https://registry.npmjs.org/undici-types 185ms (cache updated)
npm http fetch GET 200 https://registry.npmjs.org/@types%2fistanbul-lib-report 201ms (cache updated)
npm http fetch GET 200 https://registry.npmjs.org/@types%2fyargs-parser 205ms (cache updated)
npm http fetch GET 200 https://registry.npmjs.org/make-dir 31ms (cache hit)
npm http fetch GET 200 https://registry.npmjs.org/ajv-keywords 14ms (cache hit)
npm http fetch GET 200 https://registry.npmjs.org/pkg-dir 153ms (cache updated)
npm http fetch GET 200 https://registry.npmjs.org/commondir 162ms (cache updated)
npm http fetch GET 200 https://registry.npmjs.org/find-up 23ms (cache hit)
npm http fetch GET 200 https://registry.npmjs.org/camelcase 32ms (cache hit)
npm http fetch GET 200 https://registry.npmjs.org/get-package-type 229ms (cache updated)
npm http fetch GET 200 https://registry.npmjs.org/resolve-from 209ms (cache updated)
npm http fetch GET 200 https://registry.npmjs.org/istanbul-lib-coverage 211ms (cache updated)
npm http fetch GET 200 https://registry.npmjs.org/minimatch 24ms (cache hit)
npm http fetch GET 200 https://registry.npmjs.org/glob 161ms (cache updated)
npm http fetch GET 200 https://registry.npmjs.org/locate-path 166ms (cache updated)
npm http fetch GET 200 https://registry.npmjs.org/argparse 165ms (cache updated)
npm http fetch GET 200 https://registry.npmjs.org/path-exists 172ms (cache updated)
npm http fetch GET 200 https://registry.npmjs.org/esprima 147ms (cache updated)
npm http fetch GET 200 https://registry.npmjs.org/lodash.debounce 146ms (cache updated)
npm http fetch GET 200 https://registry.npmjs.org/@babel%2fplugin-syntax-bigint 196ms (cache updated)
npm http fetch GET 200 https://registry.npmjs.org/@babel%2fplugin-syntax-class-properties 202ms (cache updated)
npm http fetch GET 200 https://registry.npmjs.org/@babel%2fplugin-syntax-async-generators 238ms (cache updated)
npm http fetch GET 200 https://registry.npmjs.org/@babel%2fplugin-syntax-class-static-block 194ms (cache updated)
npm http fetch GET 200 https://registry.npmjs.org/@babel%2fplugin-syntax-import-meta 211ms (cache updated)
npm http fetch GET 200 https://registry.npmjs.org/@babel%2fplugin-syntax-json-strings 208ms (cache updated)
npm http fetch GET 200 https://registry.npmjs.org/@babel%2fplugin-syntax-logical-assignment-operators 178ms (cache updated)
npm http fetch GET 200 https://registry.npmjs.org/@babel%2fplugin-syntax-nullish-coalescing-operator 200ms (cache updated)
npm http fetch GET 200 https://registry.npmjs.org/@babel%2fplugin-syntax-numeric-separator 195ms (cache updated)
npm http fetch GET 200 https://registry.npmjs.org/@babel%2fplugin-syntax-object-rest-spread 197ms (cache updated)
npm http fetch GET 200 https://registry.npmjs.org/@babel%2fplugin-syntax-optional-catch-binding 180ms (cache updated)
npm http fetch GET 200 https://registry.npmjs.org/@babel%2fplugin-syntax-optional-chaining 189ms (cache updated)
npm http fetch GET 200 https://registry.npmjs.org/@babel%2fplugin-syntax-private-property-in-object 174ms (cache updated)
npm http fetch GET 200 https://registry.npmjs.org/@babel%2fplugin-syntax-top-level-await 177ms (cache updated)
npm http fetch GET 200 https://registry.npmjs.org/@babel%2fplugin-syntax-flow 189ms (cache updated)
npm http fetch GET 200 https://registry.npmjs.org/@babel%2fplugin-transform-typescript 196ms (cache updated)
npm http fetch GET 200 https://registry.npmjs.org/@babel%2fplugin-syntax-decorators 208ms (cache updated)
npm http fetch GET 200 https://registry.npmjs.org/@babel%2fplugin-syntax-typescript 190ms (cache updated)
npm http fetch GET 200 https://registry.npmjs.org/esprima 31ms (cache hit)
npm http fetch GET 200 https://registry.npmjs.org/static-eval 201ms (cache updated)
npm http fetch GET 200 https://registry.npmjs.org/underscore 205ms (cache updated)
npm http fetch GET 200 https://registry.npmjs.org/escalade 337ms (cache updated)
npm http fetch GET 200 https://registry.npmjs.org/color-convert 215ms (cache updated)
npm http fetch GET 200 https://registry.npmjs.org/has-flag 229ms (cache updated)
npm http fetch GET 200 https://registry.npmjs.org/color-name 220ms (cache updated)
npm http fetch GET 200 https://registry.npmjs.org/resolve-from 33ms (cache hit)
npm http fetch GET 200 https://registry.npmjs.org/parent-module 248ms (cache updated)
npm http fetch GET 200 https://registry.npmjs.org/error-ex 254ms (cache updated)
npm http fetch GET 200 https://registry.npmjs.org/json-parse-even-better-errors 17ms (cache hit)
npm http fetch GET 200 https://registry.npmjs.org/lines-and-columns 288ms (cache updated)
npm http fetch GET 200 https://registry.npmjs.org/postcss-selector-parser 27ms (cache hit)
npm http fetch GET 200 https://registry.npmjs.org/postcss-value-parser 32ms (cache hit)
npm http fetch GET 200 https://registry.npmjs.org/postcss-selector-parser 35ms (cache hit)
npm http fetch GET 200 https://registry.npmjs.org/lilconfig 32ms (cache hit)
npm http fetch GET 200 https://registry.npmjs.org/supports-color 12ms (cache hit)
npm http fetch GET 200 https://registry.npmjs.org/merge-stream 194ms (cache updated)
npm http fetch GET 200 https://registry.npmjs.org/randombytes 183ms (cache updated)
npm http fetch GET 200 https://registry.npmjs.org/cssnano-preset-default 247ms (cache updated)
npm http fetch GET 200 https://registry.npmjs.org/cssnano-utils 203ms (cache updated)
npm http fetch GET 200 https://registry.npmjs.org/postcss-calc 214ms (cache updated)
npm http fetch GET 200 https://registry.npmjs.org/postcss-svgo 220ms (cache updated)
npm http fetch GET 200 https://registry.npmjs.org/postcss-colormin 242ms (cache updated)
npm http fetch GET 200 https://registry.npmjs.org/postcss-merge-rules 246ms (cache updated)
npm http fetch GET 200 https://registry.npmjs.org/postcss-discard-empty 242ms (cache updated)
npm http fetch GET 200 https://registry.npmjs.org/css-declaration-sorter 193ms (cache updated)
npm http fetch GET 200 https://registry.npmjs.org/postcss-minify-params 222ms (cache updated)
npm http fetch GET 200 https://registry.npmjs.org/postcss-normalize-url 228ms (cache updated)
npm http fetch GET 200 https://registry.npmjs.org/postcss-merge-longhand 213ms (cache updated)
npm http fetch GET 200 https://registry.npmjs.org/postcss-ordered-values 220ms (cache updated)
npm http fetch GET 200 https://registry.npmjs.org/postcss-convert-values 255ms (cache updated)
npm http fetch GET 200 https://registry.npmjs.org/postcss-reduce-initial 271ms (cache updated)
npm http fetch GET 200 https://registry.npmjs.org/postcss-discard-comments 287ms (cache updated)
npm http fetch GET 200 https://registry.npmjs.org/postcss-minify-gradients 276ms (cache updated)
npm http fetch GET 200 https://registry.npmjs.org/postcss-minify-selectors 223ms (cache updated)
npm http fetch GET 200 https://registry.npmjs.org/postcss-normalize-string 231ms (cache updated)
npm http fetch GET 200 https://registry.npmjs.org/postcss-unique-selectors 226ms (cache updated)
npm http fetch GET 200 https://registry.npmjs.org/postcss-normalize-charset 209ms (cache updated)
npm http fetch GET 200 https://registry.npmjs.org/postcss-normalize-unicode 213ms (cache updated)
npm http fetch GET 200 https://registry.npmjs.org/postcss-reduce-transforms 211ms (cache updated)
npm http fetch GET 200 https://registry.npmjs.org/postcss-discard-duplicates 231ms (cache updated)
npm http fetch GET 200 https://registry.npmjs.org/postcss-discard-overridden 236ms (cache updated)
npm http fetch GET 200 https://registry.npmjs.org/postcss-minify-font-values 233ms (cache updated)
npm http fetch GET 200 https://registry.npmjs.org/postcss-normalize-positions 196ms (cache updated)
npm http fetch GET 200 https://registry.npmjs.org/postcss-normalize-repeat-style 203ms (cache updated)
npm http fetch GET 200 https://registry.npmjs.org/postcss-normalize-whitespace 227ms (cache updated)
npm http fetch GET 200 https://registry.npmjs.org/postcss-normalize-display-values 223ms (cache updated)
npm http fetch GET 200 https://registry.npmjs.org/postcss-normalize-timing-functions 218ms (cache updated)
npm http fetch GET 200 https://registry.npmjs.org/caniuse-api 231ms (cache updated)
npm http fetch GET 200 https://registry.npmjs.org/colord 242ms (cache updated)
npm http fetch GET 200 https://registry.npmjs.org/stylehacks 247ms (cache updated)
npm http fetch GET 200 https://registry.npmjs.org/colord 50ms (cache hit)
npm http fetch GET 200 https://registry.npmjs.org/svgo 39ms (cache hit)
npm http fetch GET 200 https://registry.npmjs.org/normalize-url 209ms (cache updated)
npm http fetch GET 200 https://registry.npmjs.org/eslint 20ms (cache hit)
npm http fetch GET 200 https://registry.npmjs.org/jiti 14ms (cache hit)
npm http fetch GET 200 https://registry.npmjs.org/espree 34ms (cache hit)
npm http fetch GET 200 https://registry.npmjs.org/strip-json-comments 247ms (cache updated)
npm http fetch GET 200 https://registry.npmjs.org/fastq 245ms (cache updated)
npm http fetch GET 200 https://registry.npmjs.org/@humanwhocodes%2fobject-schema 295ms (cache updated)
npm http fetch GET 200 https://registry.npmjs.org/fast-deep-equal 16ms (cache hit)
npm http fetch GET 200 https://registry.npmjs.org/@nodelib%2ffs.scandir 267ms (cache updated)
npm http fetch GET 200 https://registry.npmjs.org/uri-js 245ms (cache updated)
npm http fetch GET 200 https://registry.npmjs.org/json-schema-traverse 263ms (cache updated)
npm http fetch GET 200 https://registry.npmjs.org/which 194ms (cache updated)
npm http fetch GET 200 https://registry.npmjs.org/path-key 190ms (cache updated)
npm http fetch GET 200 https://registry.npmjs.org/shebang-command 189ms (cache updated)
npm http fetch GET 200 https://registry.npmjs.org/acorn 14ms (cache hit)
npm http fetch GET 200 https://registry.npmjs.org/esrecurse 171ms (cache updated)
npm http fetch GET 200 https://registry.npmjs.org/estraverse 181ms (cache updated)
npm http fetch GET 200 https://registry.npmjs.org/acorn-jsx 194ms (cache updated)
npm http fetch GET 200 https://registry.npmjs.org/locate-path 11ms (cache hit)
npm http fetch GET 200 https://registry.npmjs.org/type-fest 15ms (cache hit)
npm http fetch GET 200 https://registry.npmjs.org/estraverse 198ms (cache updated)
npm http fetch GET 200 https://registry.npmjs.org/argparse 16ms (cache hit)
npm http fetch GET 200 https://registry.npmjs.org/flat-cache 204ms (cache updated)
npm http fetch GET 200 https://registry.npmjs.org/is-extglob 214ms (cache updated)
npm http fetch GET 200 https://registry.npmjs.org/prelude-ls 260ms (cache updated)
npm http fetch GET 200 https://registry.npmjs.org/type-check 254ms (cache updated)
npm http fetch GET 200 https://registry.npmjs.org/brace-expansion 176ms (cache updated)
npm http fetch GET 200 https://registry.npmjs.org/type-check 12ms (cache hit)
npm http fetch GET 200 https://registry.npmjs.org/word-wrap 186ms (cache updated)
npm http fetch GET 200 https://registry.npmjs.org/deep-is 214ms (cache updated)
npm http fetch GET 200 https://registry.npmjs.org/fast-levenshtein 179ms (cache updated)
npm http fetch GET 200 https://registry.npmjs.org/ansi-regex 195ms (cache updated)
npm http fetch GET 200 https://registry.npmjs.org/run-parallel 249ms (cache updated)
npm http fetch GET 200 https://registry.npmjs.org/reusify 248ms (cache updated)
npm http fetch GET 200 https://registry.npmjs.org/@nodelib%2ffs.stat 260ms (cache updated)
npm http fetch GET 200 https://registry.npmjs.org/queue-microtask 201ms (cache updated)
npm http fetch GET 200 https://registry.npmjs.org/punycode 162ms (cache updated)
npm http fetch GET 200 https://registry.npmjs.org/shebang-regex 191ms (cache updated)
npm http fetch GET 200 https://registry.npmjs.org/isexe 202ms (cache updated)
npm http fetch GET 200 https://registry.npmjs.org/eslint 18ms (cache hit)
npm http fetch GET 200 https://registry.npmjs.org/@babel%2fplugin-syntax-flow 14ms (cache hit)
npm http fetch GET 200 https://registry.npmjs.org/@babel%2fplugin-transform-react-jsx 11ms (cache hit)
npm http fetch GET 200 https://registry.npmjs.org/eslint-visitor-keys 41ms (cache hit)
npm http fetch GET 200 https://registry.npmjs.org/tsutils 192ms (cache updated)
npm http fetch GET 200 https://registry.npmjs.org/@nicolo-ribaudo%2feslint-scope-5-internals 239ms (cache updated)
npm http fetch GET 200 https://registry.npmjs.org/natural-compare-lite 194ms (cache updated)
npm http fetch GET 200 https://registry.npmjs.org/@typescript-eslint%2ftype-utils 708ms (cache updated)
npm http fetch GET 200 https://registry.npmjs.org/@typescript-eslint%2futils 868ms (cache updated)
npm http fetch GET 200 https://registry.npmjs.org/@typescript-eslint%2fscope-manager 1023ms (cache updated)
npm http fetch GET 200 https://registry.npmjs.org/@typescript-eslint%2ftypes 999ms (cache updated)
npm http fetch GET 200 https://registry.npmjs.org/@typescript-eslint%2fscope-manager 1150ms (cache updated)
npm http fetch GET 200 https://registry.npmjs.org/string-natural-compare 491ms (cache updated)
npm http fetch GET 200 https://registry.npmjs.org/@typescript-eslint%2ftypescript-estree 1270ms (cache updated)
npm http fetch GET 200 https://registry.npmjs.org/@rtsao%2fscc 792ms (cache updated)
npm http fetch GET 200 https://registry.npmjs.org/array-includes 561ms (cache updated)
npm http fetch GET 200 https://registry.npmjs.org/array.prototype.flat 200ms (cache updated)
npm http fetch GET 200 https://registry.npmjs.org/array.prototype.findlastindex 247ms (cache updated)
npm http fetch GET 200 https://registry.npmjs.org/array.prototype.flatmap 213ms (cache updated)
npm http fetch GET 200 https://registry.npmjs.org/doctrine 42ms (cache hit)
npm http fetch GET 200 https://registry.npmjs.org/hasown 208ms (cache updated)
npm http fetch GET 200 https://registry.npmjs.org/eslint-import-resolver-node 257ms (cache updated)
npm http fetch GET 200 https://registry.npmjs.org/eslint-module-utils 258ms (cache updated)
npm http fetch GET 200 https://registry.npmjs.org/is-core-module 34ms (cache hit)
npm http fetch GET 200 https://registry.npmjs.org/object.values 23ms (cache hit)
npm http fetch GET 200 https://registry.npmjs.org/object.fromentries 257ms (cache updated)
npm http fetch GET 200 https://registry.npmjs.org/string.prototype.trimend 237ms (cache updated)
npm http fetch GET 200 https://registry.npmjs.org/object.groupby 300ms (cache updated)
npm http fetch GET 200 https://registry.npmjs.org/tsconfig-paths 182ms (cache updated)
npm http fetch GET 200 https://registry.npmjs.org/aria-query 217ms (cache updated)
npm http fetch GET 200 https://registry.npmjs.org/ast-types-flow 211ms (cache updated)
npm http fetch GET 200 https://registry.npmjs.org/axobject-query 227ms (cache updated)
npm http fetch GET 200 https://registry.npmjs.org/@typescript-eslint%2fexperimental-utils 617ms (cache updated)
npm http fetch GET 200 https://registry.npmjs.org/damerau-levenshtein 303ms (cache updated)
npm http fetch GET 200 https://registry.npmjs.org/axe-core 788ms (cache updated)
npm http fetch GET 200 https://registry.npmjs.org/emoji-regex 391ms (cache updated)
npm http fetch GET 200 https://registry.npmjs.org/jsx-ast-utils 380ms (cache updated)
npm http fetch GET 200 https://registry.npmjs.org/language-tags 265ms (cache updated)
npm http fetch GET 200 https://registry.npmjs.org/string.prototype.includes 223ms (cache updated)
npm http fetch GET 200 https://registry.npmjs.org/safe-regex-test 261ms (cache updated)
npm http fetch GET 200 https://registry.npmjs.org/array.prototype.flatmap 27ms (cache hit)
npm http fetch GET 200 https://registry.npmjs.org/array.prototype.findlast 230ms (cache updated)
npm http fetch GET 200 https://registry.npmjs.org/array.prototype.tosorted 224ms (cache updated)
npm http fetch GET 200 https://registry.npmjs.org/estraverse 25ms (cache hit)
npm http fetch GET 200 https://registry.npmjs.org/es-iterator-helpers 222ms (cache updated)
npm http fetch GET 200 https://registry.npmjs.org/jsx-ast-utils 44ms (cache hit)
npm http fetch GET 200 https://registry.npmjs.org/resolve 14ms (cache hit)
npm http fetch GET 200 https://registry.npmjs.org/object.entries 251ms (cache updated)
npm http fetch GET 200 https://registry.npmjs.org/prop-types 259ms (cache updated)
npm http fetch GET 200 https://registry.npmjs.org/@typescript-eslint%2futils 45ms (cache hit)
npm http fetch GET 200 https://registry.npmjs.org/string.prototype.matchall 565ms (cache updated)
npm http fetch GET 200 https://registry.npmjs.org/string.prototype.repeat 381ms (cache updated)
npm http fetch GET 200 https://registry.npmjs.org/typescript 69ms (cache hit)
npm http fetch GET 200 https://registry.npmjs.org/eslint 20ms (cache hit)
npm http fetch GET 200 https://registry.npmjs.org/tslib 252ms (cache updated)
npm http fetch GET 200 https://registry.npmjs.org/@types%2fsemver 310ms (cache updated)
npm http fetch GET 200 https://registry.npmjs.org/@typescript-eslint%2fvisitor-keys 513ms (cache updated)
npm http fetch GET 200 https://registry.npmjs.org/globby 14ms (cache hit)
npm http fetch GET 200 https://registry.npmjs.org/fast-glob 27ms (cache hit)
npm http fetch GET 200 https://registry.npmjs.org/dir-glob 247ms (cache updated)
npm http fetch GET 200 https://registry.npmjs.org/merge2 251ms (cache updated)
npm http fetch GET 200 https://registry.npmjs.org/array-union 241ms (cache updated)
npm http fetch GET 200 https://registry.npmjs.org/define-properties 271ms (cache updated)
npm http fetch GET 200 https://registry.npmjs.org/call-bind 280ms (cache updated)
npm http fetch GET 200 https://registry.npmjs.org/es-abstract 280ms (cache updated)
npm http fetch GET 200 https://registry.npmjs.org/es-object-atoms 301ms (cache updated)
npm http fetch GET 200 https://registry.npmjs.org/get-intrinsic 304ms (cache updated)
npm http fetch GET 200 https://registry.npmjs.org/is-string 284ms (cache updated)
npm http fetch GET 200 https://registry.npmjs.org/call-bind 44ms (cache hit)
npm http fetch GET 200 https://registry.npmjs.org/es-abstract 41ms (cache hit)
npm http fetch GET 200 https://registry.npmjs.org/es-object-atoms 17ms (cache hit)
npm http fetch GET 200 https://registry.npmjs.org/call-bound 253ms (cache updated)
npm http fetch GET 200 https://registry.npmjs.org/es-errors 238ms (cache updated)
npm http fetch GET 200 https://registry.npmjs.org/es-shim-unscopables 231ms (cache updated)
npm http fetch GET 200 https://registry.npmjs.org/es-shim-unscopables 236ms (cache updated)
npm http fetch GET 200 https://registry.npmjs.org/es-shim-unscopables 233ms (cache updated)
npm http fetch GET 200 https://registry.npmjs.org/call-bound 35ms (cache hit)
npm http fetch GET 200 https://registry.npmjs.org/function-bind 230ms (cache updated)
npm http fetch GET 200 https://registry.npmjs.org/call-bound 42ms (cache hit)
npm http fetch GET 200 https://registry.npmjs.org/json5 32ms (cache hit)
npm http fetch GET 200 https://registry.npmjs.org/minimist 207ms (cache updated)
npm http fetch GET 200 https://registry.npmjs.org/strip-bom 217ms (cache updated)
npm http fetch GET 200 https://registry.npmjs.org/@types%2fjson5 215ms (cache updated)
npm http fetch GET 200 https://registry.npmjs.org/call-bind-apply-helpers 242ms (cache updated)
npm http fetch GET 200 https://registry.npmjs.org/es-define-property 247ms (cache updated)
npm http fetch GET 200 https://registry.npmjs.org/set-function-length 249ms (cache updated)
npm http fetch GET 200 https://registry.npmjs.org/has-property-descriptors 229ms (cache updated)
npm http fetch GET 200 https://registry.npmjs.org/object-keys 229ms (cache updated)
npm http fetch GET 200 https://registry.npmjs.org/define-data-property 250ms (cache updated)
npm http fetch GET 200 https://registry.npmjs.org/array-buffer-byte-length 248ms (cache updated)
npm http fetch GET 200 https://registry.npmjs.org/arraybuffer.prototype.slice 252ms (cache updated)
npm http fetch GET 200 https://registry.npmjs.org/available-typed-arrays 261ms (cache updated)
npm http fetch GET 200 https://registry.npmjs.org/data-view-byte-length 189ms (cache updated)
npm http fetch GET 200 https://registry.npmjs.org/data-view-buffer 213ms (cache updated)
npm http fetch GET 200 https://registry.npmjs.org/data-view-byte-offset 198ms (cache updated)
npm http fetch GET 200 https://registry.npmjs.org/es-define-property 34ms (cache hit)
npm http fetch GET 200 https://registry.npmjs.org/function.prototype.name 180ms (cache updated)
npm http fetch GET 200 https://registry.npmjs.org/get-intrinsic 14ms (cache hit)
npm http fetch GET 200 https://registry.npmjs.org/es-set-tostringtag 316ms (cache updated)
npm http fetch GET 200 https://registry.npmjs.org/es-to-primitive 321ms (cache updated)
npm http fetch GET 200 https://registry.npmjs.org/get-proto 200ms (cache updated)
npm http fetch GET 200 https://registry.npmjs.org/get-symbol-description 209ms (cache updated)
npm http fetch GET 200 https://registry.npmjs.org/has-property-descriptors 12ms (cache hit)
npm http fetch GET 200 https://registry.npmjs.org/globalthis 236ms (cache updated)
npm http fetch GET 200 https://registry.npmjs.org/gopd 187ms (cache updated)
npm http fetch GET 200 https://registry.npmjs.org/has-proto 152ms (cache updated)
npm http fetch GET 200 https://registry.npmjs.org/has-symbols 186ms (cache updated)
npm http fetch GET 200 https://registry.npmjs.org/internal-slot 231ms (cache updated)
npm http fetch GET 200 https://registry.npmjs.org/is-array-buffer 239ms (cache updated)
npm http fetch GET 200 https://registry.npmjs.org/is-callable 211ms (cache updated)
npm http fetch GET 200 https://registry.npmjs.org/is-data-view 217ms (cache updated)
npm http fetch GET 200 https://registry.npmjs.org/is-string 15ms (cache hit)
npm http fetch GET 200 https://registry.npmjs.org/is-regex 188ms (cache updated)
npm http fetch GET 200 https://registry.npmjs.org/is-shared-array-buffer 176ms (cache updated)
npm http fetch GET 200 https://registry.npmjs.org/is-typed-array 162ms (cache updated)
npm http fetch GET 200 https://registry.npmjs.org/is-weakref 166ms (cache updated)
npm http fetch GET 200 https://registry.npmjs.org/math-intrinsics 159ms (cache updated)
npm http fetch GET 200 https://registry.npmjs.org/object-inspect 164ms (cache updated)
npm http fetch GET 200 https://registry.npmjs.org/object.assign 153ms (cache updated)
npm http fetch GET 200 https://registry.npmjs.org/own-keys 163ms (cache updated)
npm http fetch GET 200 https://registry.npmjs.org/regexp.prototype.flags 151ms (cache updated)
npm http fetch GET 200 https://registry.npmjs.org/safe-regex-test 11ms (cache hit)
npm http fetch GET 200 https://registry.npmjs.org/safe-array-concat 169ms (cache updated)
npm http fetch GET 200 https://registry.npmjs.org/safe-push-apply 173ms (cache updated)
npm http fetch GET 200 https://registry.npmjs.org/set-proto 176ms (cache updated)
npm http fetch GET 200 https://registry.npmjs.org/string.prototype.trim 170ms (cache updated)
npm http fetch GET 200 https://registry.npmjs.org/string.prototype.trimstart 169ms (cache updated)
npm http fetch GET 200 https://registry.npmjs.org/typed-array-buffer 180ms (cache updated)
npm http fetch GET 200 https://registry.npmjs.org/typed-array-byte-length 166ms (cache updated)
npm http fetch GET 200 https://registry.npmjs.org/typed-array-byte-offset 163ms (cache updated)
npm http fetch GET 200 https://registry.npmjs.org/typed-array-length 209ms (cache updated)
npm http fetch GET 200 https://registry.npmjs.org/unbox-primitive 201ms (cache updated)
npm http fetch GET 200 https://registry.npmjs.org/call-bind-apply-helpers 27ms (cache hit)
npm http fetch GET 200 https://registry.npmjs.org/get-proto 29ms (cache hit)
npm http fetch GET 200 https://registry.npmjs.org/which-typed-array 212ms (cache updated)
npm http fetch GET 200 https://registry.npmjs.org/has-tostringtag 228ms (cache updated)
npm http fetch GET 200 https://registry.npmjs.org/define-data-property 19ms (cache hit)
npm http fetch GET 200 https://registry.npmjs.org/gopd 19ms (cache hit)
npm http fetch GET 200 https://registry.npmjs.org/is-array-buffer 33ms (cache hit)
npm http fetch GET 200 https://registry.npmjs.org/is-data-view 33ms (cache hit)
npm http fetch GET 200 https://registry.npmjs.org/possible-typed-array-names 218ms (cache updated)
npm http fetch GET 200 https://registry.npmjs.org/is-date-object 213ms (cache updated)
npm http fetch GET 200 https://registry.npmjs.org/is-symbol 230ms (cache updated)
npm http fetch GET 200 https://registry.npmjs.org/functions-have-names 185ms (cache updated)
npm http fetch GET 200 https://registry.npmjs.org/dunder-proto 198ms (cache updated)
npm http fetch GET 200 https://registry.npmjs.org/dunder-proto 184ms (cache updated)
npm http fetch GET 200 https://registry.npmjs.org/is-typed-array 22ms (cache hit)
npm http fetch GET 200 https://registry.npmjs.org/which-typed-array 25ms (cache hit)
npm http fetch GET 200 https://registry.npmjs.org/side-channel 172ms (cache updated)
npm http fetch GET 200 https://registry.npmjs.org/set-function-name 180ms (cache updated)
npm http fetch GET 200 https://registry.npmjs.org/isarray 193ms (cache updated)
npm http fetch GET 200 https://registry.npmjs.org/isarray 186ms (cache updated)
npm http fetch GET 200 https://registry.npmjs.org/for-each 192ms (cache updated)
npm http fetch GET 200 https://registry.npmjs.org/for-each 196ms (cache updated)
npm http fetch GET 200 https://registry.npmjs.org/reflect.getprototypeof 198ms (cache updated)
npm http fetch GET 200 https://registry.npmjs.org/reflect.getprototypeof 195ms (cache updated)
npm http fetch GET 200 https://registry.npmjs.org/for-each 18ms (cache hit)
npm http fetch GET 200 https://registry.npmjs.org/has-bigints 194ms (cache updated)
npm http fetch GET 200 https://registry.npmjs.org/which-boxed-primitive 169ms (cache updated)
npm http fetch GET 200 https://registry.npmjs.org/language-subtag-registry 234ms (cache updated)
npm http fetch GET 200 https://registry.npmjs.org/iterator.prototype 256ms (cache updated)
npm http fetch GET 200 https://registry.npmjs.org/loose-envify 260ms (cache updated)
npm http fetch GET 200 https://registry.npmjs.org/react-is 335ms (cache updated)
npm http fetch GET 200 https://registry.npmjs.org/@types%2festree 13ms (cache hit)
npm http fetch GET 200 https://registry.npmjs.org/flatted 205ms (cache updated)
npm http fetch GET 200 https://registry.npmjs.org/keyv 213ms (cache updated)
npm http fetch GET 200 https://registry.npmjs.org/p-locate 201ms (cache updated)
npm http fetch GET 200 https://registry.npmjs.org/glob 18ms (cache hit)
npm http fetch GET 200 https://registry.npmjs.org/json-buffer 201ms (cache updated)
npm http fetch GET 200 https://registry.npmjs.org/merge2 16ms (cache hit)
npm http fetch GET 200 https://registry.npmjs.org/glob-parent 21ms (cache hit)
npm http fetch GET 200 https://registry.npmjs.org/camel-case 181ms (cache updated)
npm http fetch GET 200 https://registry.npmjs.org/clean-css 224ms (cache updated)
npm http fetch GET 200 https://registry.npmjs.org/commander 237ms (cache updated)
npm http fetch GET 200 https://registry.npmjs.org/he 206ms (cache updated)
npm http fetch GET 200 https://registry.npmjs.org/terser 20ms (cache hit)
npm http fetch GET 200 https://registry.npmjs.org/param-case 233ms (cache updated)
npm http fetch GET 200 https://registry.npmjs.org/relateurl 221ms (cache updated)
npm http fetch GET 200 https://registry.npmjs.org/renderkid 215ms (cache updated)
npm http fetch GET 200 https://registry.npmjs.org/tslib 26ms (cache hit)
npm http fetch GET 200 https://registry.npmjs.org/pascal-case 180ms (cache updated)
npm http fetch GET 200 https://registry.npmjs.org/commander 12ms (cache hit)
npm http fetch GET 200 https://registry.npmjs.org/dot-case 217ms (cache updated)
npm http fetch GET 200 https://registry.npmjs.org/@jridgewell%2fsource-map 199ms (cache updated)
npm http fetch GET 200 https://registry.npmjs.org/source-map-support 186ms (cache updated)
npm http fetch GET 200 https://registry.npmjs.org/no-case 191ms (cache updated)
npm http fetch GET 200 https://registry.npmjs.org/callsites 171ms (cache updated)
npm http fetch GET 200 https://registry.npmjs.org/side-channel-map 219ms (cache updated)
npm http fetch GET 200 https://registry.npmjs.org/side-channel-weakmap 219ms (cache updated)
npm http fetch GET 200 https://registry.npmjs.org/side-channel-list 224ms (cache updated)
npm http fetch GET 200 https://registry.npmjs.org/emittery 207ms (cache updated)
npm http fetch GET 200 https://registry.npmjs.org/exit 233ms (cache updated)
npm http fetch GET 200 https://registry.npmjs.org/ansi-escapes 19ms (cache hit)
npm http fetch GET 200 https://registry.npmjs.org/jest-config 273ms (cache updated)
npm http fetch GET 200 https://registry.npmjs.org/jest-watcher 20ms (cache hit)
npm http fetch GET 200 https://registry.npmjs.org/jest-runner 412ms (cache updated)
npm http fetch GET 200 https://registry.npmjs.org/@jest%2fconsole 316ms (cache updated)
npm http fetch GET 200 https://registry.npmjs.org/jest-runtime 412ms (cache updated)
npm http fetch GET 200 https://registry.npmjs.org/jest-snapshot 258ms (cache updated)
npm http fetch GET 200 https://registry.npmjs.org/@jest%2freporters 275ms (cache updated)
npm http fetch GET 200 https://registry.npmjs.org/@jest%2ftest-result 260ms (cache updated)
npm http fetch GET 200 https://registry.npmjs.org/jest-message-util 230ms (cache updated)
npm http fetch GET 200 https://registry.npmjs.org/jest-changed-files 260ms (cache updated)
npm http fetch GET 200 https://registry.npmjs.org/jest-resolve-dependencies 281ms (cache updated)
npm http fetch GET 200 https://registry.npmjs.org/resolve-cwd 176ms (cache updated)
npm http fetch GET 200 https://registry.npmjs.org/yargs 197ms (cache updated)
npm http fetch GET 200 https://registry.npmjs.org/ts-node 249ms (cache updated)
npm http fetch GET 200 https://registry.npmjs.org/@swc%2fcore 301ms (cache updated)
npm http fetch GET 200 https://registry.npmjs.org/@swc%2fhelpers 18ms (cache hit)
npm http fetch GET 200 https://registry.npmjs.org/@swc%2fwasm 250ms (cache updated)
npm http fetch GET 200 https://registry.npmjs.org/typescript 64ms (cache hit)
npm http fetch GET 200 https://registry.npmjs.org/string-length 30ms (cache hit)
npm http fetch GET 200 https://registry.npmjs.org/terminal-link 243ms (cache updated)
npm http fetch GET 200 https://registry.npmjs.org/v8-to-istanbul 253ms (cache updated)
npm http fetch GET 200 https://registry.npmjs.org/istanbul-reports 240ms (cache updated)
npm http fetch GET 200 https://registry.npmjs.org/@bcoe%2fv8-coverage 243ms (cache updated)
npm http fetch GET 200 https://registry.npmjs.org/istanbul-lib-report 218ms (cache updated)
npm http fetch GET 200 https://registry.npmjs.org/collect-v8-coverage 347ms (cache updated)
npm http fetch GET 200 https://registry.npmjs.org/collect-v8-coverage 165ms (cache updated)
npm http fetch GET 200 https://registry.npmjs.org/istanbul-lib-source-maps 175ms (cache updated)
npm http fetch GET 200 https://registry.npmjs.org/execa 171ms (cache updated)
npm http fetch GET 200 https://registry.npmjs.org/throat 211ms (cache updated)
npm http fetch GET 200 https://registry.npmjs.org/jest-circus 203ms (cache updated)
npm http fetch GET 200 https://registry.npmjs.org/jest-get-type 172ms (cache updated)
npm http fetch GET 200 https://registry.npmjs.org/pretty-format 170ms (cache updated)
npm http fetch GET 200 https://registry.npmjs.org/jest-jasmine2 229ms (cache updated)
npm http fetch GET 200 https://registry.npmjs.org/@jest%2ftest-sequencer 181ms (cache updated)
npm http fetch GET 200 https://registry.npmjs.org/jest-environment-node 173ms (cache updated)
npm http fetch GET 200 https://registry.npmjs.org/jest-environment-jsdom 198ms (cache updated)
npm http fetch GET 200 https://registry.npmjs.org/stack-utils 186ms (cache updated)
npm http fetch GET 200 https://registry.npmjs.org/@types%2fstack-utils 233ms (cache updated)
npm http fetch GET 200 https://registry.npmjs.org/jest-docblock 202ms (cache updated)
npm http fetch GET 200 https://registry.npmjs.org/source-map-support 19ms (cache hit)
npm http fetch GET 200 https://registry.npmjs.org/@jest%2fenvironment 236ms (cache updated)
npm http fetch GET 200 https://registry.npmjs.org/strip-bom 11ms (cache hit)
npm http fetch GET 200 https://registry.npmjs.org/jest-leak-detector 226ms (cache updated)
npm http fetch GET 200 https://registry.npmjs.org/jest-mock 218ms (cache updated)
npm http fetch GET 200 https://registry.npmjs.org/@jest%2fglobals 298ms (cache updated)
npm http fetch GET 200 https://registry.npmjs.org/@jest%2fsource-map 219ms (cache updated)
npm http fetch GET 200 https://registry.npmjs.org/cjs-module-lexer 287ms (cache updated)
npm http fetch GET 200 https://registry.npmjs.org/expect 227ms (cache updated)
npm http fetch GET 200 https://registry.npmjs.org/@jest%2ffake-timers 414ms (cache updated)
npm http fetch GET 200 https://registry.npmjs.org/@types%2fprettier 223ms (cache updated)
npm http fetch GET 200 https://registry.npmjs.org/jest-diff 389ms (cache updated)
npm http fetch GET 200 https://registry.npmjs.org/jest-matcher-utils 275ms (cache updated)
npm http fetch GET 200 https://registry.npmjs.org/leven 230ms (cache updated)
npm http fetch GET 200 https://registry.npmjs.org/once 210ms (cache updated)
npm http fetch GET 200 https://registry.npmjs.org/inflight 219ms (cache updated)
npm http fetch GET 200 https://registry.npmjs.org/inherits 232ms (cache updated)
npm http fetch GET 200 https://registry.npmjs.org/fs.realpath 210ms (cache updated)
npm http fetch GET 200 https://registry.npmjs.org/path-is-absolute 206ms (cache updated)
npm http fetch GET 200 https://registry.npmjs.org/html-escaper 254ms (cache updated)
npm http fetch GET 200 https://registry.npmjs.org/supports-hyperlinks 192ms (cache updated)
npm http fetch GET 200 https://registry.npmjs.org/char-regex 200ms (cache updated)
npm http fetch GET 200 https://registry.npmjs.org/wrappy 207ms (cache updated)
npm http fetch GET 200 https://registry.npmjs.org/wrappy 215ms (cache updated)
npm http fetch GET 200 https://registry.npmjs.org/get-stream 223ms (cache updated)
npm http fetch GET 200 https://registry.npmjs.org/onetime 237ms (cache updated)
npm http fetch GET 200 https://registry.npmjs.org/is-stream 240ms (cache updated)
npm http fetch GET 200 https://registry.npmjs.org/signal-exit 23ms (cache hit)
npm http fetch GET 200 https://registry.npmjs.org/npm-run-path 244ms (cache updated)
npm http fetch GET 200 https://registry.npmjs.org/human-signals 243ms (cache updated)
npm http fetch GET 200 https://registry.npmjs.org/strip-final-newline 233ms (cache updated)
npm http fetch GET 200 https://registry.npmjs.org/mimic-fn 232ms (cache updated)
npm http fetch GET 200 https://registry.npmjs.org/escalade 21ms (cache hit)
npm http fetch GET 200 https://registry.npmjs.org/y18n 205ms (cache updated)
npm http fetch GET 200 https://registry.npmjs.org/string-width 190ms (cache updated)
npm http fetch GET 200 https://registry.npmjs.org/cliui 241ms (cache updated)
npm http fetch GET 200 https://registry.npmjs.org/get-caller-file 180ms (cache updated)
npm http fetch GET 200 https://registry.npmjs.org/yargs-parser 196ms (cache updated)
npm http fetch GET 200 https://registry.npmjs.org/require-directory 318ms (cache updated)
npm http fetch GET 200 https://registry.npmjs.org/co 214ms (cache updated)
npm http fetch GET 200 https://registry.npmjs.org/dedent 235ms (cache updated)
npm http fetch GET 200 https://registry.npmjs.org/jest-each 245ms (cache updated)
npm http fetch GET 200 https://registry.npmjs.org/is-generator-fn 235ms (cache updated)
npm http fetch GET 200 https://registry.npmjs.org/react-is 29ms (cache hit)
npm http fetch GET 200 https://registry.npmjs.org/is-generator-fn 320ms (cache updated)
npm http fetch GET 200 https://registry.npmjs.org/ansi-styles 27ms (cache hit)
npm http fetch GET 200 https://registry.npmjs.org/jsdom 365ms (cache updated)
npm http fetch GET 200 https://registry.npmjs.org/escape-string-regexp 12ms (cache hit)
npm http fetch GET 200 https://registry.npmjs.org/@sinonjs%2ffake-timers 212ms (cache updated)
npm http fetch GET 200 https://registry.npmjs.org/@sinonjs%2fcommons 206ms (cache updated)
npm http fetch GET 200 https://registry.npmjs.org/type-detect 197ms (cache updated)
npm http fetch GET 200 https://registry.npmjs.org/canvas 168ms (cache updated)
npm http fetch GET 200 https://registry.npmjs.org/ws 29ms (cache hit)
npm http fetch GET 200 https://registry.npmjs.org/cssom 214ms (cache updated)
npm http fetch GET 200 https://registry.npmjs.org/saxes 219ms (cache updated)
npm http fetch GET 200 https://registry.npmjs.org/nwsapi 217ms (cache updated)
npm http fetch GET 200 https://registry.npmjs.org/parse5 248ms (cache updated)
npm http fetch GET 200 https://registry.npmjs.org/cssstyle 250ms (cache updated)
npm http fetch GET 200 https://registry.npmjs.org/data-urls 238ms (cache updated)
npm http fetch GET 200 https://registry.npmjs.org/decimal.js 196ms (cache updated)
npm http fetch GET 200 https://registry.npmjs.org/form-data 232ms (cache updated)
npm http fetch GET 200 https://registry.npmjs.org/escodegen 250ms (cache updated)
npm http fetch GET 200 https://registry.npmjs.org/symbol-tree 194ms (cache updated)
npm http fetch GET 200 https://registry.npmjs.org/w3c-hr-time 203ms (cache updated)
npm http fetch GET 200 https://registry.npmjs.org/whatwg-url 234ms (cache updated)
npm http fetch GET 200 https://registry.npmjs.org/domexception 176ms (cache updated)
npm http fetch GET 200 https://registry.npmjs.org/tough-cookie 189ms (cache updated)
npm http fetch GET 200 https://registry.npmjs.org/acorn-globals 185ms (cache updated)
npm http fetch GET 200 https://registry.npmjs.org/whatwg-encoding 174ms (cache updated)
npm http fetch GET 200 https://registry.npmjs.org/http-proxy-agent 184ms (cache updated)
npm http fetch GET 200 https://registry.npmjs.org/whatwg-mimetype 204ms (cache updated)
npm http fetch GET 200 https://registry.npmjs.org/https-proxy-agent 162ms (cache updated)
npm http fetch GET 200 https://registry.npmjs.org/w3c-xmlserializer 162ms (cache updated)
npm http fetch GET 200 https://registry.npmjs.org/webidl-conversions 169ms (cache updated)
npm http fetch GET 200 https://registry.npmjs.org/xml-name-validator 164ms (cache updated)
npm http fetch GET 200 https://registry.npmjs.org/html-encoding-sniffer 183ms (cache updated)
npm http fetch GET 200 https://registry.npmjs.org/is-potential-custom-element-name 178ms (cache updated)
npm http fetch GET 200 https://registry.npmjs.org/bser 176ms (cache updated)
npm http fetch GET 200 https://registry.npmjs.org/makeerror 183ms (cache updated)
npm http fetch GET 200 https://registry.npmjs.org/node-int64 353ms (cache updated)
npm http fetch GET 200 https://registry.npmjs.org/diff-sequences 324ms (cache updated)
npm http fetch GET 200 https://registry.npmjs.org/jest-resolve 16ms (cache hit)
npm http fetch GET 200 https://registry.npmjs.org/detect-newline 331ms (cache updated)
npm http fetch GET 200 https://registry.npmjs.org/buffer-from 334ms (cache updated)
npm http fetch GET 200 https://registry.npmjs.org/emittery 23ms (cache hit)
npm http fetch GET 200 https://registry.npmjs.org/@jest%2ftypes 35ms (cache hit)
npm http fetch GET 200 https://registry.npmjs.org/jest-util 49ms (cache hit)
npm http fetch GET 200 https://registry.npmjs.org/@jest%2ftest-result 61ms (cache hit)
npm http fetch GET 200 https://registry.npmjs.org/char-regex 57ms (cache hit)
npm http fetch GET 200 https://registry.npmjs.org/ansi-regex 44ms (cache hit)
npm http fetch GET 200 https://registry.npmjs.org/sprintf-js 242ms (cache updated)
npm http fetch GET 200 https://registry.npmjs.org/bufferutil 349ms (cache updated)
npm http fetch GET 200 https://registry.npmjs.org/utf-8-validate 240ms (cache updated)
npm http fetch GET 200 https://registry.npmjs.org/cssom 30ms (cache hit)
npm http fetch GET 200 https://registry.npmjs.org/whatwg-url 25ms (cache hit)
npm http fetch GET 200 https://registry.npmjs.org/webidl-conversions 30ms (cache hit)
npm http fetch GET 200 https://registry.npmjs.org/mime-types 14ms (cache hit)
npm http fetch GET 200 https://registry.npmjs.org/acorn-walk 252ms (cache updated)
npm http fetch GET 200 https://registry.npmjs.org/asynckit 212ms (cache updated)
npm http fetch GET 200 https://registry.npmjs.org/combined-stream 206ms (cache updated)
npm http fetch GET 200 https://registry.npmjs.org/@tootallnate%2fonce 228ms (cache updated)
npm http fetch GET 200 https://registry.npmjs.org/agent-base 191ms (cache updated)
npm http fetch GET 200 https://registry.npmjs.org/agent-base 392ms (cache updated)
npm http fetch GET 200 https://registry.npmjs.org/punycode 13ms (cache hit)
npm http fetch GET 200 https://registry.npmjs.org/xmlchars 201ms (cache updated)
npm http fetch GET 200 https://registry.npmjs.org/psl 202ms (cache updated)
npm http fetch GET 200 https://registry.npmjs.org/universalify 25ms (cache hit)
npm http fetch GET 200 https://registry.npmjs.org/iconv-lite 19ms (cache hit)
npm http fetch GET 200 https://registry.npmjs.org/url-parse 208ms (cache updated)
npm http fetch GET 200 https://registry.npmjs.org/browser-process-hrtime 208ms (cache updated)
npm http fetch GET 200 https://registry.npmjs.org/tr46 322ms (cache updated)
npm http fetch GET 200 https://registry.npmjs.org/delayed-stream 178ms (cache updated)
npm http fetch GET 200 https://registry.npmjs.org/mime-db 181ms (cache updated)
npm http fetch GET 200 https://registry.npmjs.org/escodegen 11ms (cache hit)
npm http fetch GET 200 https://registry.npmjs.org/p-limit 305ms (cache updated)
npm http fetch GET 200 https://registry.npmjs.org/fill-range 201ms (cache updated)
npm http fetch GET 200 https://registry.npmjs.org/to-regex-range 179ms (cache updated)
npm http fetch GET 200 https://registry.npmjs.org/is-number 228ms (cache updated)
npm http fetch GET 200 https://registry.npmjs.org/balanced-match 356ms (cache updated)
npm http fetch GET 200 https://registry.npmjs.org/concat-map 358ms (cache updated)
npm http fetch GET 200 https://registry.npmjs.org/p-try 215ms (cache updated)
npm http fetch GET 200 https://registry.npmjs.org/lower-case 257ms (cache updated)
npm http fetch GET 200 https://registry.npmjs.org/is-arrayish 202ms (cache updated)
npm http fetch GET 200 https://registry.npmjs.org/cssesc 182ms (cache updated)
npm http fetch GET 200 https://registry.npmjs.org/util-deprecate 183ms (cache updated)
npm http fetch GET 200 https://registry.npmjs.org/lodash.memoize 188ms (cache updated)
npm http fetch GET 200 https://registry.npmjs.org/lodash.uniq 195ms (cache updated)
npm http fetch GET 200 https://registry.npmjs.org/@csstools%2fpostcss-progressive-custom-properties 21ms (cache hit)
npm http fetch GET 200 https://registry.npmjs.org/@csstools%2fpostcss-progressive-custom-properties 34ms (cache hit)
npm http fetch GET 200 https://registry.npmjs.org/@csstools%2fselector-specificity 238ms (cache updated)
npm http fetch GET 200 https://registry.npmjs.org/fraction.js 236ms (cache updated)
npm http fetch GET 200 https://registry.npmjs.org/@csstools%2fselector-specificity 269ms (cache updated)
npm http fetch GET 200 https://registry.npmjs.org/@csstools%2fselector-specificity 23ms (cache hit)
npm http fetch GET 200 https://registry.npmjs.org/normalize-range 178ms (cache updated)
npm http fetch GET 200 https://registry.npmjs.org/css-tree 28ms (cache hit)
npm http fetch GET 200 https://registry.npmjs.org/csso 45ms (cache hit)
npm http fetch GET 200 https://registry.npmjs.org/css-select 45ms (cache hit)
npm http fetch GET 200 https://registry.npmjs.org/@trysound%2fsax 268ms (cache updated)
npm http fetch GET 200 https://registry.npmjs.org/dom-converter 204ms (cache updated)
npm http fetch GET 200 https://registry.npmjs.org/htmlparser2 207ms (cache updated)
npm http fetch GET 200 https://registry.npmjs.org/performance-now 221ms (cache updated)
npm http fetch GET 200 https://registry.npmjs.org/asap 237ms (cache updated)
npm http fetch GET 200 https://registry.npmjs.org/eslint 19ms (cache hit)
npm http fetch GET 200 https://registry.npmjs.org/typescript 62ms (cache hit)
npm http fetch GET 200 https://registry.npmjs.org/vue-template-compiler 247ms (cache updated)
npm http fetch GET 200 https://registry.npmjs.org/webpack 36ms (cache hit)
npm http fetch GET 200 https://registry.npmjs.org/fs-extra 31ms (cache hit)
npm http fetch GET 200 https://registry.npmjs.org/cosmiconfig 46ms (cache hit)
npm http fetch GET 200 https://registry.npmjs.org/memfs 271ms (cache updated)
npm http fetch GET 200 https://registry.npmjs.org/global-prefix 246ms (cache updated)
npm http fetch GET 200 https://registry.npmjs.org/duplexer 243ms (cache updated)
npm http fetch GET 200 https://registry.npmjs.org/is-wsl 231ms (cache updated)
npm http fetch GET 200 https://registry.npmjs.org/is-docker 230ms (cache updated)
npm http fetch GET 200 https://registry.npmjs.org/define-lazy-prop 232ms (cache updated)
npm http fetch GET 200 https://registry.npmjs.org/ms 17ms (cache hit)
npm http fetch GET 200 https://registry.npmjs.org/at-least-node 228ms (cache updated)
npm http fetch GET 200 https://registry.npmjs.org/is-binary-path 251ms (cache updated)
npm http fetch GET 200 https://registry.npmjs.org/readdirp 258ms (cache updated)
npm http fetch GET 200 https://registry.npmjs.org/fs-monkey 258ms (cache updated)
npm http fetch GET 200 https://registry.npmjs.org/binary-extensions 227ms (cache updated)
npm http fetch GET 200 https://registry.npmjs.org/which 24ms (cache hit)
npm http fetch GET 200 https://registry.npmjs.org/kind-of 219ms (cache updated)
npm http fetch GET 200 https://registry.npmjs.org/ini 229ms (cache updated)
npm http fetch GET 200 https://registry.npmjs.org/jsesc 27ms (cache hit)
npm http fetch GET 200 https://registry.npmjs.org/unicode-canonical-property-names-ecmascript 185ms (cache updated)
npm http fetch GET 200 https://registry.npmjs.org/unicode-property-aliases-ecmascript 200ms (cache updated)
npm http fetch GET 200 https://registry.npmjs.org/boolbase 181ms (cache updated)
npm http fetch GET 200 https://registry.npmjs.org/css-what 184ms (cache updated)
npm http fetch GET 200 https://registry.npmjs.org/domhandler 190ms (cache updated)
npm http fetch GET 200 https://registry.npmjs.org/utila 171ms (cache updated)
npm http fetch GET 200 https://registry.npmjs.org/domutils 192ms (cache updated)
npm http fetch GET 200 https://registry.npmjs.org/nth-check 193ms (cache updated)
npm http fetch GET 200 https://registry.npmjs.org/domhandler 27ms (cache hit)
npm http fetch GET 200 https://registry.npmjs.org/domutils 178ms (cache updated)
npm http fetch GET 200 https://registry.npmjs.org/entities 202ms (cache updated)
npm http fetch GET 200 https://registry.npmjs.org/domelementtype 171ms (cache updated)
npm http fetch GET 200 https://registry.npmjs.org/domelementtype 35ms (cache hit)
npm http fetch GET 200 https://registry.npmjs.org/domelementtype 36ms (cache hit)
npm http fetch GET 200 https://registry.npmjs.org/dom-serializer 196ms (cache updated)
npm http fetch GET 200 https://registry.npmjs.org/picocolors 23ms (cache hit)
npm http fetch GET 200 https://registry.npmjs.org/regex-parser 225ms (cache updated)
npm http fetch GET 200 https://registry.npmjs.org/json-schema-traverse 33ms (cache hit)
npm http fetch GET 200 https://registry.npmjs.org/ajv 18ms (cache hit)
npm http fetch GET 200 https://registry.npmjs.org/require-from-string 241ms (cache updated)
npm http fetch GET 200 https://registry.npmjs.org/fast-uri 262ms (cache updated)
npm http fetch GET 200 https://registry.npmjs.org/safe-buffer 181ms (cache updated)
npm http fetch GET 200 https://registry.npmjs.org/safer-buffer 203ms (cache updated)
npm http fetch GET 200 https://registry.npmjs.org/optionator 12ms (cache hit)
npm http fetch GET 200 https://registry.npmjs.org/css-what 31ms (cache hit)
npm http fetch GET 200 https://registry.npmjs.org/domutils 17ms (cache hit)
npm http fetch GET 200 https://registry.npmjs.org/nth-check 10ms (cache hit)
npm http fetch GET 200 https://registry.npmjs.org/@types%2fq 226ms (cache updated)
npm http fetch GET 200 https://registry.npmjs.org/q 235ms (cache updated)
npm http fetch GET 200 https://registry.npmjs.org/mdn-data 194ms (cache updated)
npm http fetch GET 200 https://registry.npmjs.org/object.getownpropertydescriptors 237ms (cache updated)
npm http fetch GET 200 https://registry.npmjs.org/mdn-data 14ms (cache hit)
npm http fetch GET 200 https://registry.npmjs.org/yaml 34ms (cache hit)
npm http fetch GET 200 https://registry.npmjs.org/read-cache 218ms (cache updated)
npm http fetch GET 200 https://registry.npmjs.org/camelcase-css 221ms (cache updated)
npm http fetch GET 200 https://registry.npmjs.org/mz 237ms (cache updated)
npm http fetch GET 200 https://registry.npmjs.org/ts-interface-checker 177ms (cache updated)
npm http fetch GET 200 https://registry.npmjs.org/pify 187ms (cache updated)
npm http fetch GET 200 https://registry.npmjs.org/jackspeak 475ms (cache updated)
npm http fetch GET 200 https://registry.npmjs.org/minipass 501ms (cache updated)
npm http fetch GET 200 https://registry.npmjs.org/path-scurry 541ms (cache updated)
npm http fetch GET 200 https://registry.npmjs.org/foreground-child 261ms (cache updated)
npm http fetch GET 200 https://registry.npmjs.org/any-promise 299ms (cache updated)
npm http fetch GET 200 https://registry.npmjs.org/package-json-from-dist 350ms (cache updated)
npm http fetch GET 200 https://registry.npmjs.org/thenify-all 287ms (cache updated)
npm http fetch GET 200 https://registry.npmjs.org/thenify 187ms (cache updated)
npm http fetch GET 200 https://registry.npmjs.org/requires-port 174ms (cache updated)
npm http fetch GET 200 https://registry.npmjs.org/querystringify 180ms (cache updated)
npm http fetch GET 200 https://registry.npmjs.org/which-builtin-type 185ms (cache updated)
npm http fetch GET 200 https://registry.npmjs.org/is-async-function 209ms (cache updated)
npm http fetch GET 200 https://registry.npmjs.org/is-finalizationregistry 214ms (cache updated)
npm http fetch GET 200 https://registry.npmjs.org/is-generator-function 217ms (cache updated)
npm http fetch GET 200 https://registry.npmjs.org/which-boxed-primitive 24ms (cache hit)
npm http fetch GET 200 https://registry.npmjs.org/which-collection 347ms (cache updated)
npm http fetch GET 200 https://registry.npmjs.org/is-bigint 202ms (cache updated)
npm http fetch GET 200 https://registry.npmjs.org/is-boolean-object 218ms (cache updated)
npm http fetch GET 200 https://registry.npmjs.org/is-number-object 223ms (cache updated)
npm http fetch GET 200 https://registry.npmjs.org/array.prototype.reduce 210ms (cache updated)
npm http fetch GET 200 https://registry.npmjs.org/es-array-method-boxes-properly 424ms (cache updated)
npm http fetch GET 200 https://registry.npmjs.org/tmpl 269ms (cache updated)
npm http fetch GET 200 https://registry.npmjs.org/@webassemblyjs%2fhelper-numbers 219ms (cache updated)
npm http fetch GET 200 https://registry.npmjs.org/@webassemblyjs%2fhelper-buffer 245ms (cache updated)
npm http fetch GET 200 https://registry.npmjs.org/@webassemblyjs%2fhelper-wasm-bytecode 262ms (cache updated)
npm http fetch GET 200 https://registry.npmjs.org/@webassemblyjs%2fhelper-wasm-bytecode 213ms (cache updated)
npm http fetch GET 200 https://registry.npmjs.org/@webassemblyjs%2fhelper-wasm-section 198ms (cache updated)
npm http fetch GET 200 https://registry.npmjs.org/@webassemblyjs%2fwasm-gen 202ms (cache updated)
npm http fetch GET 200 https://registry.npmjs.org/@webassemblyjs%2fwasm-parser 23ms (cache hit)
npm http fetch GET 200 https://registry.npmjs.org/@webassemblyjs%2fwasm-opt 249ms (cache updated)
npm http fetch GET 200 https://registry.npmjs.org/@webassemblyjs%2fhelper-api-error 216ms (cache updated)
npm http fetch GET 200 https://registry.npmjs.org/@webassemblyjs%2fwast-printer 250ms (cache updated)
npm http fetch GET 200 https://registry.npmjs.org/@webassemblyjs%2fieee754 216ms (cache updated)
npm http fetch GET 200 https://registry.npmjs.org/@webassemblyjs%2fleb128 237ms (cache updated)
npm http fetch GET 200 https://registry.npmjs.org/@webassemblyjs%2futf8 240ms (cache updated)
npm http fetch GET 200 https://registry.npmjs.org/@xtuc%2flong 22ms (cache hit)
npm http fetch GET 200 https://registry.npmjs.org/@webassemblyjs%2ffloating-point-hex-parser 22ms (cache hit)
npm http fetch GET 200 https://registry.npmjs.org/@xtuc%2fieee754 22ms (cache hit)
npm http fetch GET 200 https://registry.npmjs.org/utf-8-validate 12ms (cache hit)
npm http fetch GET 200 https://registry.npmjs.org/webpack 40ms (cache hit)
npm http fetch GET 200 https://registry.npmjs.org/@types%2fqs 37ms (cache hit)
npm http fetch GET 200 https://registry.npmjs.org/@types%2fbody-parser 39ms (cache hit)
npm http fetch GET 200 https://registry.npmjs.org/@types%2fexpress-serve-static-core 52ms (cache hit)
npm http fetch GET 200 https://registry.npmjs.org/@types%2fserve-static 37ms (cache hit)
npm http fetch GET 200 https://registry.npmjs.org/@types%2fexpress-serve-static-core 41ms (cache hit)
npm http fetch GET 200 https://registry.npmjs.org/@types%2fsend 45ms (cache hit)
npm http fetch GET 200 https://registry.npmjs.org/@types%2fhttp-errors 37ms (cache hit)
npm http fetch GET 200 https://registry.npmjs.org/multicast-dns 32ms (cache hit)
npm http fetch GET 200 https://registry.npmjs.org/bytes 42ms (cache hit)
npm http fetch GET 200 https://registry.npmjs.org/negotiator 29ms (cache hit)
npm http fetch GET 200 https://registry.npmjs.org/on-headers 32ms (cache hit)
npm http fetch GET 200 https://registry.npmjs.org/compressible 58ms (cache hit)
npm http fetch GET 200 https://registry.npmjs.org/depd 28ms (cache hit)
npm http fetch GET 200 https://registry.npmjs.org/vary 42ms (cache hit)
npm http fetch GET 200 https://registry.npmjs.org/qs 46ms (cache hit)
npm http fetch GET 200 https://registry.npmjs.org/etag 45ms (cache hit)
npm http fetch GET 200 https://registry.npmjs.org/send 54ms (cache hit)
npm http fetch GET 200 https://registry.npmjs.org/fresh 43ms (cache hit)
npm http fetch GET 200 https://registry.npmjs.org/cookie 47ms (cache hit)
npm http fetch GET 200 https://registry.npmjs.org/accepts 36ms (cache hit)
npm http fetch GET 200 https://registry.npmjs.org/methods 46ms (cache hit)
npm http fetch GET 200 https://registry.npmjs.org/type-is 35ms (cache hit)
npm http fetch GET 200 https://registry.npmjs.org/parseurl 38ms (cache hit)
npm http fetch GET 200 https://registry.npmjs.org/statuses 35ms (cache hit)
npm http fetch GET 200 https://registry.npmjs.org/proxy-addr 32ms (cache hit)
npm http fetch GET 200 https://registry.npmjs.org/encodeurl 44ms (cache hit)
npm http fetch GET 200 https://registry.npmjs.org/body-parser 40ms (cache hit)
npm http fetch GET 200 https://registry.npmjs.org/escape-html 43ms (cache hit)
npm http fetch GET 200 https://registry.npmjs.org/on-finished 30ms (cache hit)
npm http fetch GET 200 https://registry.npmjs.org/http-errors 52ms (cache hit)
npm http fetch GET 200 https://registry.npmjs.org/utils-merge 50ms (cache hit)
npm http fetch GET 200 https://registry.npmjs.org/content-type 57ms (cache hit)
npm http fetch GET 200 https://registry.npmjs.org/finalhandler 46ms (cache hit)
npm http fetch GET 200 https://registry.npmjs.org/range-parser 44ms (cache hit)
npm http fetch GET 200 https://registry.npmjs.org/array-flatten 38ms (cache hit)
npm http fetch GET 200 https://registry.npmjs.org/serve-static 54ms (cache hit)
npm http fetch GET 200 https://registry.npmjs.org/path-to-regexp 50ms (cache hit)
npm http fetch GET 200 https://registry.npmjs.org/setprototypeof 55ms (cache hit)
npm http fetch GET 200 https://registry.npmjs.org/cookie-signature 50ms (cache hit)
npm http fetch GET 200 https://registry.npmjs.org/merge-descriptors 48ms (cache hit)
npm http fetch GET 200 https://registry.npmjs.org/content-disposition 52ms (cache hit)
npm http fetch GET 200 https://registry.npmjs.org/http-proxy 52ms (cache hit)
npm http fetch GET 200 https://registry.npmjs.org/is-plain-obj 38ms (cache hit)
npm http fetch GET 200 https://registry.npmjs.org/@types%2fhttp-proxy 36ms (cache hit)
npm http fetch GET 200 https://registry.npmjs.org/retry 25ms (cache hit)
npm http fetch GET 200 https://registry.npmjs.org/@types%2fretry 30ms (cache hit)
npm http fetch GET 200 https://registry.npmjs.org/@types%2fnode-forge 40ms (cache hit)
npm http fetch GET 200 https://registry.npmjs.org/node-forge 53ms (cache hit)
npm http fetch GET 200 https://registry.npmjs.org/batch 68ms (cache hit)
npm http fetch GET 200 https://registry.npmjs.org/uuid 46ms (cache hit)
npm http fetch GET 200 https://registry.npmjs.org/faye-websocket 69ms (cache hit)
npm http fetch GET 200 https://registry.npmjs.org/websocket-driver 49ms (cache hit)
npm http fetch GET 200 https://registry.npmjs.org/http-deceiver 25ms (cache hit)
npm http fetch GET 200 https://registry.npmjs.org/handle-thing 35ms (cache hit)
npm http fetch GET 200 https://registry.npmjs.org/select-hose 28ms (cache hit)
npm http fetch GET 200 https://registry.npmjs.org/spdy-transport 24ms (cache hit)
npm http fetch GET 200 https://registry.npmjs.org/@types%2frange-parser 14ms (cache hit)
npm http fetch GET 200 https://registry.npmjs.org/@types%2fconnect 20ms (cache hit)
npm http fetch GET 200 https://registry.npmjs.org/@types%2fmime 11ms (cache hit)
npm http fetch GET 200 https://registry.npmjs.org/dns-packet 21ms (cache hit)
npm http fetch GET 200 https://registry.npmjs.org/thunky 27ms (cache hit)
npm http fetch GET 200 https://registry.npmjs.org/unpipe 28ms (cache hit)
npm http fetch GET 200 https://registry.npmjs.org/destroy 36ms (cache hit)
npm http fetch GET 200 https://registry.npmjs.org/raw-body 43ms (cache hit)
npm http fetch GET 200 https://registry.npmjs.org/ee-first 33ms (cache hit)
npm http fetch GET 200 https://registry.npmjs.org/forwarded 25ms (cache hit)
npm http fetch GET 200 https://registry.npmjs.org/toidentifier 53ms (cache hit)
npm http fetch GET 200 https://registry.npmjs.org/ipaddr.js 186ms (cache hit)
npm http fetch GET 200 https://registry.npmjs.org/media-typer 146ms (cache hit)
npm http fetch GET 200 https://registry.npmjs.org/mime 192ms (cache hit)
npm http fetch GET 200 https://registry.npmjs.org/follow-redirects 42ms (cache hit)
npm http fetch GET 200 https://registry.npmjs.org/eventemitter3 61ms (cache hit)
npm http fetch GET 200 https://registry.npmjs.org/@leichtgewicht%2fip-codec 13ms (cache hit)
npm http fetch GET 200 https://registry.npmjs.org/inherits 17ms (cache hit)
npm http fetch GET 200 https://registry.npmjs.org/http-parser-js 21ms (cache hit)
npm http fetch GET 200 https://registry.npmjs.org/websocket-extensions 26ms (cache hit)
npm http fetch GET 200 https://registry.npmjs.org/detect-node 25ms (cache hit)
npm http fetch GET 200 https://registry.npmjs.org/obuf 33ms (cache hit)
npm http fetch GET 200 https://registry.npmjs.org/hpack.js 44ms (cache hit)
npm http fetch GET 200 https://registry.npmjs.org/readable-stream 35ms (cache hit)
npm http fetch GET 200 https://registry.npmjs.org/wbuf 37ms (cache hit)
npm http fetch GET 200 https://registry.npmjs.org/string_decoder 18ms (cache hit)
npm http fetch GET 200 https://registry.npmjs.org/minimalistic-assert 20ms (cache hit)
npm http fetch GET 200 https://registry.npmjs.org/safe-buffer 32ms (cache hit)
npm http fetch GET 200 https://registry.npmjs.org/core-util-is 37ms (cache hit)
npm http fetch GET 200 https://registry.npmjs.org/isarray 45ms (cache hit)
npm http fetch GET 200 https://registry.npmjs.org/process-nextick-args 18ms (cache hit)
npm http fetch GET 200 https://registry.npmjs.org/source-list-map 14ms (cache hit)
npm http fetch GET 200 https://registry.npmjs.org/is-set 26ms (cache hit)
npm http fetch GET 200 https://registry.npmjs.org/async-function 33ms (cache hit)
npm http fetch GET 200 https://registry.npmjs.org/is-map 42ms (cache hit)
npm http fetch GET 200 https://registry.npmjs.org/is-weakmap 34ms (cache hit)
npm http fetch GET 200 https://registry.npmjs.org/is-weakset 29ms (cache hit)
npm http fetch GET 200 https://registry.npmjs.org/tempy 24ms (cache hit)
npm http fetch GET 200 https://registry.npmjs.org/ajv 44ms (cache hit)
npm http fetch GET 200 https://registry.npmjs.org/rollup 71ms (cache hit)
npm http fetch GET 200 https://registry.npmjs.org/workbox-sw 234ms (cache hit)
npm http fetch GET 200 https://registry.npmjs.org/common-tags 225ms (cache hit)
npm http fetch GET 200 https://registry.npmjs.org/workbox-core 54ms (cache hit)
npm http fetch GET 200 https://registry.npmjs.org/strip-comments 48ms (cache hit)
npm http fetch GET 200 https://registry.npmjs.org/workbox-window 47ms (cache hit)
npm http fetch GET 200 https://registry.npmjs.org/workbox-recipes 51ms (cache hit)
npm http fetch GET 200 https://registry.npmjs.org/workbox-streams 35ms (cache hit)
npm http fetch GET 200 https://registry.npmjs.org/stringify-object 39ms (cache hit)
npm http fetch GET 200 https://registry.npmjs.org/workbox-routing 66ms (cache hit)
npm http fetch GET 200 https://registry.npmjs.org/workbox-precaching 31ms (cache hit)
npm http fetch GET 200 https://registry.npmjs.org/workbox-expiration 47ms (cache hit)
npm http fetch GET 200 https://registry.npmjs.org/workbox-strategies 43ms (cache hit)
npm http fetch GET 200 https://registry.npmjs.org/@rollup%2fplugin-babel 46ms (cache hit)
npm http fetch GET 200 https://registry.npmjs.org/rollup-plugin-terser 62ms (cache hit)
npm http fetch GET 200 https://registry.npmjs.org/@rollup%2fplugin-replace 75ms (cache hit)
npm http fetch GET 200 https://registry.npmjs.org/workbox-range-requests 62ms (cache hit)
npm http fetch GET 200 https://registry.npmjs.org/workbox-background-sync 67ms (cache hit)
npm http fetch GET 200 https://registry.npmjs.org/workbox-broadcast-update 60ms (cache hit)
npm http fetch GET 200 https://registry.npmjs.org/@apideck%2fbetter-ajv-errors 47ms (cache hit)
npm http fetch GET 200 https://registry.npmjs.org/workbox-cacheable-response 42ms (cache hit)
npm http fetch GET 200 https://registry.npmjs.org/workbox-google-analytics 80ms (cache hit)
npm http fetch GET 200 https://registry.npmjs.org/@surma%2frollup-plugin-off-main-thread 30ms (cache hit)
npm http fetch GET 200 https://registry.npmjs.org/workbox-navigation-preload 58ms (cache hit)
npm http fetch GET 200 https://registry.npmjs.org/@rollup%2fplugin-node-resolve 53ms (cache hit)
npm http fetch GET 200 https://registry.npmjs.org/@types%2fbabel__core 12ms (cache hit)
npm http fetch GET 200 https://registry.npmjs.org/json-schema 31ms (cache hit)
npm http fetch GET 200 https://registry.npmjs.org/@rollup%2fpluginutils 34ms (cache hit)
npm http fetch GET 200 https://registry.npmjs.org/jsonpointer 43ms (cache hit)
npm http fetch GET 200 https://registry.npmjs.org/@types%2fresolve 28ms (cache hit)
npm http fetch GET 200 https://registry.npmjs.org/builtin-modules 29ms (cache hit)
npm http fetch GET 200 https://registry.npmjs.org/is-module 50ms (cache hit)
npm http fetch GET 200 https://registry.npmjs.org/ejs 42ms (cache hit)
npm http fetch GET 200 https://registry.npmjs.org/magic-string 68ms (cache hit)
npm http fetch GET 200 https://registry.npmjs.org/magic-string 72ms (cache hit)
npm http fetch GET 200 https://registry.npmjs.org/is-obj 57ms (cache hit)
npm http fetch GET 200 https://registry.npmjs.org/is-regexp 47ms (cache hit)
npm http fetch GET 200 https://registry.npmjs.org/get-own-enumerable-property-symbols 32ms (cache hit)
npm http fetch GET 200 https://registry.npmjs.org/unique-string 26ms (cache hit)
npm http fetch GET 200 https://registry.npmjs.org/temp-dir 35ms (cache hit)
npm http fetch GET 200 https://registry.npmjs.org/idb 39ms (cache hit)
npm http fetch GET 200 https://registry.npmjs.org/idb 33ms (cache hit)
npm http fetch GET 200 https://registry.npmjs.org/@types%2ftrusted-types 35ms (cache hit)
npm http fetch GET 200 https://registry.npmjs.org/rollup 33ms (cache hit)
npm http fetch GET 200 https://registry.npmjs.org/estree-walker 265ms (cache hit)
npm http fetch GET 200 https://registry.npmjs.org/sourcemap-codec 14ms (cache hit)
npm http fetch GET 200 https://registry.npmjs.org/jake 13ms (cache hit)
npm http fetch GET 200 https://registry.npmjs.org/async 25ms (cache hit)
npm http fetch GET 200 https://registry.npmjs.org/filelist 33ms (cache hit)
npm http fetch GET 200 https://registry.npmjs.org/brace-expansion 12ms (cache hit)
npm http fetch GET 200 https://registry.npmjs.org/crypto-random-string 192ms (cache updated)
npm http fetch GET 200 https://registry.npmjs.org/emoji-regex 31ms (cache hit)
npm http fetch GET 200 https://registry.npmjs.org/is-fullwidth-code-point 196ms (cache updated)
npm http fetch GET 200 https://registry.npmjs.org/wrap-ansi 207ms (cache updated)
npm http fetch GET 200 https://registry.npmjs.org/color-convert 29ms (cache hit)
npm http fetch GET 200 https://registry.npmjs.org/has-flag 28ms (cache hit)
npm http fetch GET 200 https://registry.npmjs.org/color-name 22ms (cache hit)
npm http fetch GET 200 https://registry.npmjs.org/p-locate 14ms (cache hit)
npm http fetch GET 200 https://registry.npmjs.org/p-limit 17ms (cache hit)
npm http fetch GET 200 https://registry.npmjs.org/yocto-queue 200ms (cache updated)
npm http fetch GET 200 https://registry.npmjs.org/@jest%2fconsole 101ms (cache hit)
npm http fetch GET 200 https://registry.npmjs.org/@types%2fyargs 119ms (cache hit)
npm http fetch GET 200 https://registry.npmjs.org/@jest%2fschemas 317ms (cache updated)
npm http fetch GET 200 https://registry.npmjs.org/jest-message-util 18ms (cache hit)
npm http fetch GET 200 https://registry.npmjs.org/pretty-format 18ms (cache hit)
npm http fetch GET 200 https://registry.npmjs.org/@sinclair%2ftypebox 240ms (cache updated)
npm http fetch GET 200 https://registry.npmjs.org/react-is 32ms (cache hit)
npm http fetch GET 200 https://registry.npmjs.org/path-exists 13ms (cache hit)
npm http fetch GET 200 https://registry.npmjs.org/levn 21ms (cache hit)
npm http fetch GET 200 https://registry.npmjs.org/prelude-ls 27ms (cache hit)
npm http fetch GET 200 https://registry.npmjs.org/lru-cache 32ms (cache hit)
npm http fetch GET 200 https://registry.npmjs.org/@pkgjs%2fparseargs 204ms (cache updated)
npm http fetch GET 200 https://registry.npmjs.org/@isaacs%2fcliui 211ms (cache updated)
npm http fetch GET 200 https://registry.npmjs.org/wrap-ansi 30ms (cache hit)
npm http fetch GET 200 https://registry.npmjs.org/string-width 50ms (cache hit)
npm http fetch GET 200 https://registry.npmjs.org/string-width 58ms (cache hit)
npm http fetch GET 200 https://registry.npmjs.org/eastasianwidth 197ms (cache updated)
npm http fetch GET 200 https://registry.npmjs.org/dom-serializer 14ms (cache hit)
npm http fetch GET 200 https://registry.npmjs.org/tr46 27ms (cache hit)
npm http fetch GET 200 https://registry.npmjs.org/lodash.sortby 189ms (cache updated)
npm verbose reify failed optional dependency C:\Users\shail\AppData\Local\npm-cache\_npx\cd53aabf71f3f793\node_modules\fsevents
npm http fetch POST 200 https://registry.npmjs.org/-/npm/v1/security/advisories/bulk 6205ms
npm warn deprecated inflight@1.0.6: This module is not supported, and leaks memory. Do not use it. Check out lru-cache if you want a good and tested way to coalesce async requests by a key value, which is much more comprehensive and powerful.
npm warn deprecated @babel/plugin-proposal-numeric-separator@7.18.6: This proposal has been merged to the ECMAScript standard and thus this plugin is no longer maintained. Please use @babel/plugin-transform-numeric-separator instead.
npm warn deprecated @babel/plugin-proposal-nullish-coalescing-operator@7.18.6: This proposal has been merged to the ECMAScript standard and thus this plugin is no longer maintained. Please use @babel/plugin-transform-nullish-coalescing-operator instead.
npm warn deprecated @babel/plugin-proposal-class-properties@7.18.6: This proposal has been merged to the ECMAScript standard and thus this plugin is no longer maintained. Please use @babel/plugin-transform-class-properties instead.
npm warn deprecated @babel/plugin-proposal-private-methods@7.18.6: This proposal has been merged to the ECMAScript standard and thus this plugin is no longer maintained. Please use @babel/plugin-transform-private-methods instead.
npm warn deprecated @humanwhocodes/config-array@0.13.0: Use @eslint/config-array instead
npm warn deprecated stable@0.1.8: Modern JS already guarantees Array#sort() is a stable sort, so this library is deprecated. See the compatibility table on MDN: https://developer.mozilla.org/en-US/docs/Web/JavaScript/Reference/Global_Objects/Array/sort#browser_compatibility
npm warn deprecated @babel/plugin-proposal-private-property-in-object@7.21.11: This proposal has been merged to the ECMAScript standard and thus this plugin is no longer maintained. Please use @babel/plugin-transform-private-property-in-object instead.
npm warn deprecated @babel/plugin-proposal-optional-chaining@7.21.0: This proposal has been merged to the ECMAScript standard and thus this plugin is no longer maintained. Please use @babel/plugin-transform-optional-chaining instead.
npm warn deprecated rimraf@3.0.2: Rimraf versions prior to v4 are no longer supported
npm warn deprecated glob@7.2.3: Glob versions prior to v9 are no longer supported
npm warn deprecated rollup-plugin-terser@7.0.2: This package has been deprecated and is no longer maintained. Please use @rollup/plugin-terser
npm warn deprecated abab@2.0.6: Use your platform's native atob() and btoa() methods instead
npm warn deprecated q@1.5.1: You or someone you depend on is using Q, the JavaScript Promise library that gave JavaScript developers strong feelings about promises. They can almost certainly migrate to the native JavaScript promise now. Thank you literally everyone for joining me in this bet against the odds. Be excellent to each other.
npm warn deprecated
npm warn deprecated (For a CapTP with native promises, see @endo/eventual-send and @endo/captp)
npm http fetch GET 200 https://registry.npmjs.org/nth-check 15141ms (cache updated)
npm warn deprecated @humanwhocodes/object-schema@2.0.3: Use @eslint/object-schema instead
npm warn deprecated domexception@2.0.1: Use your platform's native DOMException instead
npm warn deprecated sourcemap-codec@1.4.8: Please use @jridgewell/sourcemap-codec instead
npm warn deprecated w3c-hr-time@1.0.2: Use your platform's native performance.now() and performance.timeOrigin.
npm http fetch GET 200 https://registry.npmjs.org/postcss 19018ms (cache updated)
npm http fetch GET 200 https://registry.npmjs.org/@eslint-community/eslint-utils/-/eslint-utils-4.7.0.tgz 25368ms (cache miss)
npm http fetch GET 200 https://registry.npmjs.org/source-map/-/source-map-0.7.4.tgz 28065ms (cache miss)
npm warn deprecated workbox-cacheable-response@6.6.0: workbox-background-sync@6.6.0
npm http fetch GET 200 https://registry.npmjs.org/resolve-url-loader 3350ms (cache miss)
npm warn deprecated workbox-google-analytics@6.6.0: It is not compatible with newer versions of GA starting with v4, as long as you are using GAv3 it should be ok, but the package is not longer being maintained
npm http fetch GET 200 https://registry.npmjs.org/react/-/react-19.1.0.tgz 29662ms (cache miss)
npm http fetch GET 200 https://registry.npmjs.org/esquery/-/esquery-1.6.0.tgz 29909ms (cache miss)
npm http fetch GET 200 https://registry.npmjs.org/iconv-lite/-/iconv-lite-0.4.24.tgz 30396ms (cache miss)
npm http fetch GET 200 https://registry.npmjs.org/iconv-lite/-/iconv-lite-0.4.24.tgz 30461ms (cache miss)
npm http fetch GET 200 https://registry.npmjs.org/lru-cache/-/lru-cache-10.4.3.tgz 30500ms (cache miss)
npm http fetch GET 200 https://registry.npmjs.org/mdn-data/-/mdn-data-2.0.14.tgz 30481ms (cache miss)
npm http fetch GET 200 https://registry.npmjs.org/iconv-lite/-/iconv-lite-0.4.24.tgz 30522ms (cache miss)
npm http fetch GET 200 https://registry.npmjs.org/mdn-data/-/mdn-data-2.0.4.tgz 30833ms (cache miss)
npm http fetch GET 200 https://registry.npmjs.org/mdn-data/-/mdn-data-2.0.14.tgz 30525ms (cache miss)
npm http fetch GET 200 https://registry.npmjs.org/acorn/-/acorn-7.4.1.tgz 30580ms (cache miss)
npm http fetch GET 200 https://registry.npmjs.org/source-map/-/source-map-0.6.1.tgz 31150ms (cache miss)
npm http fetch GET 200 https://registry.npmjs.org/source-map/-/source-map-0.6.1.tgz 31454ms (cache miss)
npm http fetch GET 200 https://registry.npmjs.org/source-map/-/source-map-0.6.1.tgz 31417ms (cache miss)
npm http fetch GET 200 https://registry.npmjs.org/source-map/-/source-map-0.6.1.tgz 31413ms (cache miss)
npm http fetch GET 200 https://registry.npmjs.org/source-map/-/source-map-0.6.1.tgz 31428ms (cache miss)
npm http fetch GET 200 https://registry.npmjs.org/source-map/-/source-map-0.6.1.tgz 31412ms (cache miss)
npm http fetch GET 200 https://registry.npmjs.org/source-map/-/source-map-0.6.1.tgz 31444ms (cache miss)
npm http fetch GET 200 https://registry.npmjs.org/source-map/-/source-map-0.6.1.tgz 31399ms (cache miss)
npm http fetch GET 200 https://registry.npmjs.org/source-map/-/source-map-0.6.1.tgz 31428ms (cache miss)
npm http fetch GET 200 https://registry.npmjs.org/source-map/-/source-map-0.6.1.tgz 31412ms (cache miss)
npm http fetch GET 200 https://registry.npmjs.org/source-map/-/source-map-0.6.1.tgz 31395ms (cache miss)
npm http fetch GET 200 https://registry.npmjs.org/source-map/-/source-map-0.6.1.tgz 31420ms (cache miss)
npm http fetch GET 200 https://registry.npmjs.org/source-map/-/source-map-0.6.1.tgz 31398ms (cache miss)
npm http fetch GET 200 https://registry.npmjs.org/source-map/-/source-map-0.6.1.tgz 31385ms (cache miss)
npm http fetch GET 200 https://registry.npmjs.org/source-map/-/source-map-0.6.1.tgz 31399ms (cache miss)
npm http fetch GET 200 https://registry.npmjs.org/css-select 2222ms (cache miss)
npm http fetch GET 200 https://registry.npmjs.org/postcss/-/postcss-7.0.39.tgz 31956ms (cache miss)
npm http fetch GET 200 https://registry.npmjs.org/workbox-broadcast-update/-/workbox-broadcast-update-6.6.0.tgz 32642ms (cache miss)
npm http fetch GET 200 https://registry.npmjs.org/iconv-lite/-/iconv-lite-0.6.3.tgz 32570ms (cache miss)
npm http fetch GET 200 https://registry.npmjs.org/language-subtag-registry/-/language-subtag-registry-0.3.23.tgz 33254ms (cache miss)
npm http fetch GET 200 https://registry.npmjs.org/jake/-/jake-10.9.2.tgz 33454ms (cache miss)
npm http fetch GET 200 https://registry.npmjs.org/js-yaml/-/js-yaml-3.14.1.tgz 33222ms (cache miss)
npm http fetch GET 200 https://registry.npmjs.org/react-scripts 745ms (cache hit)
npm http fetch GET 200 https://registry.npmjs.org/workbox-streams/-/workbox-streams-6.6.0.tgz 33885ms (cache miss)
npm http fetch GET 200 https://registry.npmjs.org/workbox-recipes/-/workbox-recipes-6.6.0.tgz 33953ms (cache miss)
npm http fetch GET 200 https://registry.npmjs.org/uri-js/-/uri-js-4.4.1.tgz 34568ms (cache miss)
npm http fetch GET 200 https://registry.npmjs.org/bluebird/-/bluebird-3.7.2.tgz 34568ms (cache miss)
npm http fetch GET 200 https://registry.npmjs.org/istanbul-reports/-/istanbul-reports-3.1.7.tgz 34889ms (cache miss)
npm http fetch GET 200 https://registry.npmjs.org/csso/-/csso-4.2.0.tgz 34975ms (cache miss)
npm http fetch GET 200 https://registry.npmjs.org/svgo 1418ms (cache miss)
npm http fetch GET 200 https://registry.npmjs.org/workbox-strategies/-/workbox-strategies-6.6.0.tgz 36542ms (cache miss)
npm http fetch GET 200 https://registry.npmjs.org/uuid/-/uuid-8.3.2.tgz 37167ms (cache miss)
npm http fetch GET 200 https://registry.npmjs.org/workbox-routing/-/workbox-routing-6.6.0.tgz 37178ms (cache miss)
npm http fetch GET 200 https://registry.npmjs.org/@svgr%2fplugin-svgo 1178ms (cache miss)
npm http fetch GET 200 https://registry.npmjs.org/axe-core/-/axe-core-4.10.3.tgz 37605ms (cache miss)
npm http fetch GET 200 https://registry.npmjs.org/svgo/-/svgo-1.3.2.tgz 37631ms (cache miss)
npm warn deprecated svgo@1.3.2: This SVGO version is no longer supported. Upgrade to v2.x.x.
npm http fetch GET 200 https://registry.npmjs.org/terser/-/terser-5.39.0.tgz 38079ms (cache miss)
npm http fetch GET 200 https://registry.npmjs.org/autoprefixer/-/autoprefixer-10.4.21.tgz 38576ms (cache miss)
npm http fetch GET 200 https://registry.npmjs.org/immer/-/immer-9.0.21.tgz 38745ms (cache miss)
npm http fetch GET 200 https://registry.npmjs.org/tsutils/-/tsutils-3.21.0.tgz 38680ms (cache miss)
npm http fetch GET 200 https://registry.npmjs.org/@svgr%2fwebpack 1156ms (cache miss)
npm http fetch GET 200 https://registry.npmjs.org/svgo/-/svgo-2.8.0.tgz 39127ms (cache miss)
npm http fetch GET 200 https://registry.npmjs.org/node-forge/-/node-forge-1.3.1.tgz 39721ms (cache miss)
npm http fetch GET 200 https://registry.npmjs.org/eslint-plugin-jest/-/eslint-plugin-jest-25.7.0.tgz 39928ms (cache miss)
npm http fetch GET 200 https://registry.npmjs.org/@types/node/-/node-22.15.3.tgz 40054ms (cache miss)
npm http fetch GET 200 https://registry.npmjs.org/workbox-precaching/-/workbox-precaching-6.6.0.tgz 41792ms (cache miss)
npm http fetch GET 200 https://registry.npmjs.org/@surma/rollup-plugin-off-main-thread/-/rollup-plugin-off-main-thread-2.2.3.tgz 42185ms (cache miss)
npm http fetch GET 200 https://registry.npmjs.org/common-tags/-/common-tags-1.8.2.tgz 42600ms (cache miss)
npm http fetch GET 200 https://registry.npmjs.org/workbox-build/-/workbox-build-6.6.0.tgz 42630ms (cache miss)
npm http fetch GET 200 https://registry.npmjs.org/rollup/-/rollup-2.79.2.tgz 42662ms (cache miss)
npm http fetch GET 200 https://registry.npmjs.org/clean-css/-/clean-css-5.3.3.tgz 42518ms (cache miss)
npm http fetch GET 200 https://registry.npmjs.org/workbox-core/-/workbox-core-6.6.0.tgz 42918ms (cache miss)
npm http fetch GET 200 https://registry.npmjs.org/async/-/async-3.2.6.tgz 43179ms (cache miss)
npm http fetch GET 200 https://registry.npmjs.org/css-tree/-/css-tree-1.1.3.tgz 42876ms (cache miss)
npm http fetch GET 200 https://registry.npmjs.org/css-tree/-/css-tree-1.1.3.tgz 43134ms (cache miss)
npm http fetch GET 200 https://registry.npmjs.org/eslint-plugin-import/-/eslint-plugin-import-2.31.0.tgz 43354ms (cache miss)
npm http fetch GET 200 https://registry.npmjs.org/css-tree/-/css-tree-1.0.0-alpha.37.tgz 43547ms (cache miss)
npm http fetch GET 200 https://registry.npmjs.org/@typescript-eslint/typescript-estree/-/typescript-estree-5.62.0.tgz 44471ms (cache miss)
npm http fetch GET 200 https://registry.npmjs.org/@typescript-eslint/utils/-/utils-5.62.0.tgz 46980ms (cache miss)
npm http fetch GET 200 https://registry.npmjs.org/eslint-plugin-jsx-a11y/-/eslint-plugin-jsx-a11y-6.10.2.tgz 47324ms (cache miss)
npm http fetch GET 200 https://registry.npmjs.org/yaml/-/yaml-2.7.1.tgz 47425ms (cache miss)
^C